-- phpMyAdmin SQL Dump
-- version 4.7.7
-- https://www.phpmyadmin.net/
--
-- Host: localhost:3306
-- Generation Time: Dec 25, 2018 at 04:04 AM
-- Server version: 5.6.41-84.1-log
-- PHP Version: 5.6.30

SET SQL_MODE = "NO_AUTO_VALUE_ON_ZERO";
SET AUTOCOMMIT = 0;
START TRANSACTION;
SET time_zone = "+00:00";


/*!40101 SET @OLD_CHARACTER_SET_CLIENT=@@CHARACTER_SET_CLIENT */;
/*!40101 SET @OLD_CHARACTER_SET_RESULTS=@@CHARACTER_SET_RESULTS */;
/*!40101 SET @OLD_COLLATION_CONNECTION=@@COLLATION_CONNECTION */;
/*!40101 SET NAMES utf8mb4 */;

--
-- Database: `gfincpnt_jmdf`
--

-- --------------------------------------------------------

--
-- Table structure for table `access`
--

CREATE TABLE `access` (
  `id` int(11) NOT NULL,
  `roleID` int(11) NOT NULL,
  `route` varchar(255) NOT NULL,
  `title` varchar(255) NOT NULL
) ENGINE=InnoDB DEFAULT CHARSET=utf8;

-- --------------------------------------------------------

--
-- Table structure for table `agent`
--

CREATE TABLE `agent` (
  `id` int(11) NOT NULL,
  `isAdmin` tinyint(1) NOT NULL DEFAULT '0' COMMENT '0: Not Admin, 1: Admin',
  `loginID` int(11) NOT NULL,
  `branchID` int(11) NOT NULL,
  `rank` int(2) DEFAULT NULL,
  `name` varchar(255) NOT NULL,
  `fatherName` varchar(255) NOT NULL,
  `motherName` varchar(255) NOT NULL,
  `dob` timestamp NOT NULL DEFAULT CURRENT_TIMESTAMP ON UPDATE CURRENT_TIMESTAMP,
  `gender` enum('MALE','FEMALE','OTHER') NOT NULL,
  `category` enum('GEN','OBC','SC','ST','OTHER') NOT NULL,
  `qualification` varchar(255) NOT NULL COMMENT 'Highest Qualification',
  `activeStatus` tinyint(1) NOT NULL COMMENT '0: Deactivated, 1: Activated',
  `address` varchar(255) NOT NULL,
  `city` varchar(255) NOT NULL,
  `state` varchar(255) NOT NULL,
  `pin` varchar(6) NOT NULL,
  `country` varchar(255) NOT NULL,
  `phone` varchar(255) NOT NULL,
  `mobile` varchar(255) NOT NULL,
  `email` varchar(255) NOT NULL,
  `aadharNo` varchar(12) NOT NULL,
  `image` varchar(255) NOT NULL,
  `signature` varchar(255) NOT NULL,
  `idProof` varchar(255) NOT NULL,
  `updated` timestamp NOT NULL DEFAULT CURRENT_TIMESTAMP ON UPDATE CURRENT_TIMESTAMP,
  `created` timestamp NOT NULL DEFAULT CURRENT_TIMESTAMP
) ENGINE=InnoDB DEFAULT CHARSET=utf8;

--
-- Dumping data for table `agent`
--

INSERT INTO `agent` (`id`, `isAdmin`, `loginID`, `branchID`, `rank`, `name`, `fatherName`, `motherName`, `dob`, `gender`, `category`, `qualification`, `activeStatus`, `address`, `city`, `state`, `pin`, `country`, `phone`, `mobile`, `email`, `aadharNo`, `image`, `signature`, `idProof`, `updated`, `created`) VALUES
(1, 0, 70, 1, 0, 'rahul', 'rahul', 'aas', '0000-00-00 00:00:00', 'MALE', 'GEN', 'bdd', 1, '233wewewdsds', 'sdsdsd', 'sdsdsd', '121212', 'dsdsdsd', '2121212121', '1212121212', 'rwe@gmail.com', '121221212122', '', '', '', '2018-12-24 18:41:05', '2018-12-24 18:41:05'),
(2, 0, 71, 1, 0, 'rahul', 'rahul', 'aas', '0000-00-00 00:00:00', 'MALE', 'GEN', 'bdd', 1, '233wewewdsds', 'sdsdsd', 'sdsdsd', '121212', 'dsdsdsd', '2121212121', '1212121212', 'rwe@gmail.com', '121221212122', '', '', '', '2018-12-24 18:42:02', '2018-12-24 18:42:02'),
(3, 0, 72, 1, 0, 'rahul', 'rahul', 'aas', '2018-12-24 18:42:32', 'MALE', 'GEN', 'bdd', 1, '233wewewdsds', 'sdsdsd', 'sdsdsd', '121212', 'dsdsdsd', '2121212121', '1212121212', 'rwe@gmail.com', '121221212122', 'IMG3.jpg', 'SIG3.jpg', 'PROOF3.jpg', '2018-12-24 18:42:32', '2018-12-24 18:42:32');

-- --------------------------------------------------------

--
-- Table structure for table `branch`
--

CREATE TABLE `branch` (
  `id` int(11) NOT NULL,
  `fsdID` int(11) DEFAULT NULL,
  `title` varchar(255) NOT NULL COMMENT 'Branch Title',
  `address` varchar(255) NOT NULL,
  `city` varchar(255) NOT NULL,
  `state` varchar(255) NOT NULL,
  `pin` varchar(6) NOT NULL,
  `phone` varchar(255) DEFAULT NULL,
  `fax` varchar(10) DEFAULT NULL,
  `mobile` varchar(10) DEFAULT NULL,
  `email` varchar(255) DEFAULT NULL,
  `updated` timestamp NOT NULL DEFAULT CURRENT_TIMESTAMP ON UPDATE CURRENT_TIMESTAMP,
  `created` timestamp NOT NULL DEFAULT CURRENT_TIMESTAMP
) ENGINE=InnoDB DEFAULT CHARSET=utf8;

--
-- Dumping data for table `branch`
--

INSERT INTO `branch` (`id`, `fsdID`, `title`, `address`, `city`, `state`, `pin`, `phone`, `fax`, `mobile`, `email`, `updated`, `created`) VALUES
(1, 1, 'JAI MATA DI FINANCES LTD.', 'Dhituan Aakuspur Kusmi kalan', 'Ghazipur', 'Uttar Pradesh', '233302', '9455820110', '9616682120', '9616448916', 'info@jmd.co.in', '2018-07-16 18:05:51', '2017-12-20 18:30:00'),
(4, 1, 'JAI MATA DI FINANCE ', 'AKHLASHPUR BHABUA BIHAR 821101', 'BHABUA', 'BIHAR', '821101', '9455820110', '9616448916', '9616448916', 'sachdeva.zamania@gmail.com', '2018-09-18 13:43:34', '2018-09-18 13:43:34'),
(6, 1, 'Rasara Ballia', 'Rasara Ballia', 'Ballia', 'UP', '221712', '9455820110', '9455820110', '7007314511', 'info@jmdf.co.in', '2018-12-24 14:14:34', '2018-12-24 02:58:47');

-- --------------------------------------------------------

--
-- Table structure for table `ci_sessions`
--

CREATE TABLE `ci_sessions` (
  `id` varchar(128) NOT NULL,
  `ip_address` varchar(45) NOT NULL,
  `timestamp` int(10) UNSIGNED NOT NULL DEFAULT '0',
  `data` blob NOT NULL
) ENGINE=InnoDB DEFAULT CHARSET=utf8;

--
-- Dumping data for table `ci_sessions`
--

INSERT INTO `ci_sessions` (`id`, `ip_address`, `timestamp`, `data`) VALUES
('ffh7m9op3c59bhcs01fsm1u1gokfishe', '157.35.232.103', 1543857853, 0x5f5f63695f6c6173745f726567656e65726174657c693a313534333835373538333b6272616e636849447c733a313a2231223b726f6c657c733a313a2231223b757365726e616d657c733a31343a22696e666f406a6d642e636f2e696e223b),
('4j6nkh4qmu8c9j4ocuopilch2u0e2dp3', '64.233.172.221', 1543857681, 0x5f5f63695f6c6173745f726567656e65726174657c693a313534333835373638313b),
('srkpas7080mrg7upoko3mclt29dtaa80', '64.233.172.219', 1543857686, 0x5f5f63695f6c6173745f726567656e65726174657c693a313534333835373638363b),
('2n507ktn97icbvachu0lu45co3htche7', '64.233.172.219', 1543857823, 0x5f5f63695f6c6173745f726567656e65726174657c693a313534333835373832333b),
('le9hm6kvg3uglpikbohtrup746rhku83', '64.233.172.219', 1543857829, 0x5f5f63695f6c6173745f726567656e65726174657c693a313534333835373832393b),
('sa6f4otdhj6dd2s4t2qko8eajamhfvmh', '64.233.172.221', 1543857834, 0x5f5f63695f6c6173745f726567656e65726174657c693a313534333835373833343b),
('dr40q1q9iff7tnm3clpl2ce30ija8r9s', '64.233.172.219', 1543858037, 0x5f5f63695f6c6173745f726567656e65726174657c693a313534333835383033373b),
('3ipksc5vtgvdpd0jc4cg52mkpml91drr', '64.233.172.219', 1543858060, 0x5f5f63695f6c6173745f726567656e65726174657c693a313534333835383036303b),
('nbu2fj7lccecqdbaugmifrl4v8eid1n2', '64.233.173.59', 1543858252, 0x5f5f63695f6c6173745f726567656e65726174657c693a313534333835383036313b6272616e636849447c733a313a2231223b726f6c657c733a313a2231223b757365726e616d657c733a31343a22696e666f406a6d642e636f2e696e223b),
('9iehrs0aaj98t6av9mhlmhbiebpogf68', '66.249.82.127', 1543858818, 0x5f5f63695f6c6173745f726567656e65726174657c693a313534333835383533303b6272616e636849447c733a313a2231223b726f6c657c733a313a2231223b757365726e616d657c733a31343a22696e666f406a6d642e636f2e696e223b),
('i6tlduu8bcc00vdkirpo5ev26k69ejln', '157.35.232.103', 1543859069, 0x5f5f63695f6c6173745f726567656e65726174657c693a313534333835393036393b6272616e636849447c733a313a2231223b726f6c657c733a313a2231223b757365726e616d657c733a31343a22696e666f406a6d642e636f2e696e223b),
('35jvgvgs7jofjqbno8jancpsh6jot28h', '157.35.232.103', 1543859498, 0x5f5f63695f6c6173745f726567656e65726174657c693a313534333835393234393b6272616e636849447c733a313a2231223b726f6c657c733a313a2231223b757365726e616d657c733a31343a22696e666f406a6d642e636f2e696e223b),
('52feit2vus5odnvqd5f44qef058vdas8', '47.8.225.242', 1543932303, 0x5f5f63695f6c6173745f726567656e65726174657c693a313534333933313631333b6272616e636849447c733a313a2231223b726f6c657c733a313a2231223b757365726e616d657c733a31343a22696e666f406a6d642e636f2e696e223b),
('p9q98rjgn7uq885bkltqno2lqio9ajf3', '47.8.225.242', 1543932708, 0x5f5f63695f6c6173745f726567656e65726174657c693a313534333933323431343b6272616e636849447c733a313a2231223b726f6c657c733a313a2231223b757365726e616d657c733a31343a22696e666f406a6d642e636f2e696e223b),
('0a94607703mbv20oe018lbj3f3hap21t', '47.8.225.242', 1543933183, 0x5f5f63695f6c6173745f726567656e65726174657c693a313534333933323930303b6272616e636849447c733a313a2231223b726f6c657c733a313a2231223b757365726e616d657c733a31343a22696e666f406a6d642e636f2e696e223b),
('2n91ep63qpcq7ate22ijivcdsv6ok4rs', '47.8.225.242', 1543933498, 0x5f5f63695f6c6173745f726567656e65726174657c693a313534333933333230313b6272616e636849447c733a313a2231223b726f6c657c733a313a2231223b757365726e616d657c733a31343a22696e666f406a6d642e636f2e696e223b),
('202dedj4b2mv17k7s111o67hob974qbb', '47.8.225.242', 1543934481, 0x5f5f63695f6c6173745f726567656e65726174657c693a313534333933343138393b6272616e636849447c733a313a2231223b726f6c657c733a313a2231223b757365726e616d657c733a31343a22696e666f406a6d642e636f2e696e223b),
('dnmsonv3eqqukefbeethqjppsem7k86l', '47.8.225.242', 1543934992, 0x5f5f63695f6c6173745f726567656e65726174657c693a313534333933343534353b6272616e636849447c733a313a2231223b726f6c657c733a313a2231223b757365726e616d657c733a31343a22696e666f406a6d642e636f2e696e223b),
('crere4oi3oi7mqp6m05a0tl2psdtdf1r', '47.9.99.5', 1543939519, 0x5f5f63695f6c6173745f726567656e65726174657c693a313534333933393234373b6272616e636849447c733a313a2231223b726f6c657c733a313a2231223b757365726e616d657c733a31343a22696e666f406a6d642e636f2e696e223b),
('88oa7o5k9e848gpc1ihu6ihuip5qnoa3', '47.9.99.5', 1543939854, 0x5f5f63695f6c6173745f726567656e65726174657c693a313534333933393539303b6272616e636849447c733a313a2231223b726f6c657c733a313a2231223b757365726e616d657c733a31343a22696e666f406a6d642e636f2e696e223b),
('t7du15dqc40j8ib29tqt5gvg916rfpbi', '47.9.99.5', 1543939981, 0x5f5f63695f6c6173745f726567656e65726174657c693a313534333933393930333b6272616e636849447c733a313a2231223b726f6c657c733a313a2231223b757365726e616d657c733a31343a22696e666f406a6d642e636f2e696e223b),
('a8quglc8mpal7nanvjip6nn2e2cm5plj', '47.9.72.185', 1543945055, 0x5f5f63695f6c6173745f726567656e65726174657c693a313534333934343935303b6272616e636849447c733a313a2231223b726f6c657c733a313a2231223b757365726e616d657c733a31343a22696e666f406a6d642e636f2e696e223b),
('29taa3tf7ohip76vfiriqg7065grqbn1', '47.9.72.185', 1543945813, 0x5f5f63695f6c6173745f726567656e65726174657c693a313534333934353634383b6272616e636849447c733a313a2231223b726f6c657c733a313a2231223b757365726e616d657c733a31343a22696e666f406a6d642e636f2e696e223b),
('99kpgh55na8o614em03o0rs604knpl4q', '47.9.76.46', 1543976453, 0x5f5f63695f6c6173745f726567656e65726174657c693a313534333937363237313b6272616e636849447c733a313a2231223b726f6c657c733a313a2231223b757365726e616d657c733a31343a22696e666f406a6d642e636f2e696e223b),
('u24vh0t0dm4f5llrnj7icomlihub795c', '47.9.168.121', 1544036165, 0x5f5f63695f6c6173745f726567656e65726174657c693a313534343033363130333b6272616e636849447c733a313a2231223b726f6c657c733a313a2231223b757365726e616d657c733a31343a22696e666f406a6d642e636f2e696e223b),
('s4rlblto6g8anoa8qljorem3kmg0kvp3', '47.9.168.121', 1544036652, 0x5f5f63695f6c6173745f726567656e65726174657c693a313534343033363430393b6272616e636849447c733a313a2231223b726f6c657c733a313a2231223b757365726e616d657c733a31343a22696e666f406a6d642e636f2e696e223b),
('vbof24j5nde8i4tnj3cse5ipvhju6d24', '47.9.168.121', 1544036888, 0x5f5f63695f6c6173745f726567656e65726174657c693a313534343033363635343b6272616e636849447c733a313a2231223b726f6c657c733a313a2231223b757365726e616d657c733a31343a22696e666f406a6d642e636f2e696e223b),
('pvl6r339uakmtlt5cqsrr3n3q729b8gr', '47.9.171.143', 1544088079, 0x5f5f63695f6c6173745f726567656e65726174657c693a313534343038383037393b),
('gcqb5rph7qb3214tkvddq59od9tuq7im', '47.9.171.143', 1544088177, 0x5f5f63695f6c6173745f726567656e65726174657c693a313534343038383037393b6272616e636849447c733a313a2231223b726f6c657c733a313a2231223b757365726e616d657c733a31343a22696e666f406a6d642e636f2e696e223b),
('gkq196qev55lq37mup23pmfgpsb3av5n', '47.9.171.143', 1544088440, 0x5f5f63695f6c6173745f726567656e65726174657c693a313534343038383434303b6272616e636849447c733a313a2231223b726f6c657c733a313a2231223b757365726e616d657c733a31343a22696e666f406a6d642e636f2e696e223b),
('f5vekeh0t58gmijg41vpr0t2oajmcplk', '47.9.171.143', 1544088474, 0x5f5f63695f6c6173745f726567656e65726174657c693a313534343038383434313b6272616e636849447c733a313a2231223b726f6c657c733a313a2231223b757365726e616d657c733a31343a22696e666f406a6d642e636f2e696e223b),
('hs7oqg1er6mur46qambr7l3urda7fsq9', '47.9.171.143', 1544089208, 0x5f5f63695f6c6173745f726567656e65726174657c693a313534343038383639303b6272616e636849447c733a313a2231223b726f6c657c733a313a2231223b757365726e616d657c733a31343a22696e666f406a6d642e636f2e696e223b),
('s2gfqhphums4a4l7jod5h8m7i2rfapab', '47.9.171.143', 1544089853, 0x5f5f63695f6c6173745f726567656e65726174657c693a313534343038393536343b6272616e636849447c733a313a2231223b726f6c657c733a313a2231223b757365726e616d657c733a31343a22696e666f406a6d642e636f2e696e223b),
('vh9iuldrpaq1b0c85o1tr2ab9hgiaime', '47.8.99.108', 1544104881, 0x5f5f63695f6c6173745f726567656e65726174657c693a313534343130333531393b6272616e636849447c733a313a2231223b726f6c657c733a313a2231223b757365726e616d657c733a31343a22696e666f406a6d642e636f2e696e223b),
('m6p3tnhklg866cipcaen23ro893b4vcr', '47.8.57.66', 1544105030, 0x5f5f63695f6c6173745f726567656e65726174657c693a313534343130343930353b6272616e636849447c733a313a2231223b726f6c657c733a313a2231223b757365726e616d657c733a31343a22696e666f406a6d642e636f2e696e223b),
('oj6e6dedatl69a59v0rvf0qltbmb4h9k', '47.8.99.108', 1544105736, 0x5f5f63695f6c6173745f726567656e65726174657c693a313534343130353236373b6272616e636849447c733a313a2231223b726f6c657c733a313a2231223b757365726e616d657c733a31343a22696e666f406a6d642e636f2e696e223b),
('tqgjvm7cie3o917m9v4e463ct312cok0', '47.8.57.66', 1544105899, 0x5f5f63695f6c6173745f726567656e65726174657c693a313534343130353839393b6272616e636849447c733a313a2231223b726f6c657c733a313a2231223b757365726e616d657c733a31343a22696e666f406a6d642e636f2e696e223b),
('2n63nc6n5u066e361124b5e5qhaeqru5', '64.233.173.61', 1544166936, 0x5f5f63695f6c6173745f726567656e65726174657c693a313534343136363734343b6272616e636849447c733a313a2231223b726f6c657c733a313a2231223b757365726e616d657c733a31343a22696e666f406a6d642e636f2e696e223b),
('07tu3p04t2ja9uu0rjnkceekk2jqgjk9', '64.233.172.139', 1544166848, 0x5f5f63695f6c6173745f726567656e65726174657c693a313534343136363834383b),
('g8kdgqob9fdm5i6fqftjfgdkd3n0i7uq', '64.233.172.137', 1544166853, 0x5f5f63695f6c6173745f726567656e65726174657c693a313534343136363835333b),
('i28sp3nrp5d20h0b9ojcrha78jm899k6', '64.233.172.141', 1544166890, 0x5f5f63695f6c6173745f726567656e65726174657c693a313534343136363839303b),
('u0d6vhtfu96mv8mlj47etqfs2cpup86p', '64.233.172.141', 1544166892, 0x5f5f63695f6c6173745f726567656e65726174657c693a313534343136363839323b),
('arr6nl9mb44qccl18p025n0qj774t9pc', '64.233.172.139', 1544166896, 0x5f5f63695f6c6173745f726567656e65726174657c693a313534343136363839363b),
('p1530qs1aiip686t3hg88nvlcgbj8f47', '103.82.79.6', 1544259338, 0x5f5f63695f6c6173745f726567656e65726174657c693a313534343235393330353b6272616e636849447c733a313a2231223b726f6c657c733a313a2231223b757365726e616d657c733a31343a22696e666f406a6d642e636f2e696e223b),
('tek3itji3a7htkist5hdrjf2qr5h2045', '103.82.79.6', 1544260965, 0x5f5f63695f6c6173745f726567656e65726174657c693a313534343236303934333b6272616e636849447c733a313a2231223b726f6c657c733a313a2231223b757365726e616d657c733a31343a22696e666f406a6d642e636f2e696e223b),
('gn2lvr6cigdfnekhbl68dkg61n0f8ebc', '103.82.79.101', 1544332052, 0x5f5f63695f6c6173745f726567656e65726174657c693a313534343333313836313b6272616e636849447c733a313a2231223b726f6c657c733a313a2231223b757365726e616d657c733a31343a22696e666f406a6d642e636f2e696e223b),
('8bvll57r70m8uhb6ndifab21e4c110ld', '103.82.79.101', 1544338173, 0x5f5f63695f6c6173745f726567656e65726174657c693a313534343333383137333b6272616e636849447c733a313a2231223b726f6c657c733a313a2231223b757365726e616d657c733a31343a22696e666f406a6d642e636f2e696e223b),
('sr5cf3a8cg3rem1gholckrn24o890fct', '66.249.82.222', 1544507205, 0x5f5f63695f6c6173745f726567656e65726174657c693a313534343530373230353b),
('tor1b7a02fe4kv15m631c8l7ngabt6pa', '157.43.48.14', 1544604997, 0x5f5f63695f6c6173745f726567656e65726174657c693a313534343630343933313b),
('tp0tcuikiq842km3arlkrqu7p67jmh0d', '66.249.82.73', 1544605422, 0x5f5f63695f6c6173745f726567656e65726174657c693a313534343630353432323b),
('vdm5jfs4ojtvhnvguj8kk3uj44uo6060', '64.233.173.59', 1544613537, 0x5f5f63695f6c6173745f726567656e65726174657c693a313534343631333335353b6272616e636849447c733a313a2231223b726f6c657c733a313a2231223b757365726e616d657c733a31343a22696e666f406a6d642e636f2e696e223b),
('c6ulo3og3b443bvmh39sp06l34qt61qi', '66.249.82.73', 1544614162, 0x5f5f63695f6c6173745f726567656e65726174657c693a313534343631343134353b6272616e636849447c733a313a2231223b726f6c657c733a313a2231223b757365726e616d657c733a31343a22696e666f406a6d642e636f2e696e223b),
('el2ivkmfqkd2epph7dhgbo53e6uiib9o', '47.8.179.53', 1544705163, 0x5f5f63695f6c6173745f726567656e65726174657c693a313534343730353036383b6272616e636849447c733a313a2231223b726f6c657c733a313a2231223b757365726e616d657c733a31343a22696e666f406a6d642e636f2e696e223b),
('2hdct7kcstdkoj9rus25k81jnccph5s4', '47.9.159.127', 1544883010, 0x5f5f63695f6c6173745f726567656e65726174657c693a313534343838323838393b6272616e636849447c733a313a2231223b726f6c657c733a313a2231223b757365726e616d657c733a31343a22696e666f406a6d642e636f2e696e223b),
('i8sa2hp23e4rr1o7319iomqpu5i2ok5j', '47.9.159.127', 1544883412, 0x5f5f63695f6c6173745f726567656e65726174657c693a313534343838333231343b6272616e636849447c733a313a2231223b726f6c657c733a313a2231223b757365726e616d657c733a31343a22696e666f406a6d642e636f2e696e223b),
('rnmcrbu5s1dci82p6uoamijtsj6s7am3', '157.43.22.122', 1545038443, 0x5f5f63695f6c6173745f726567656e65726174657c693a313534353033383434333b),
('mn5gtllanipjqjalj7pdu9sv5nin3jam', '157.43.22.122', 1545038679, 0x5f5f63695f6c6173745f726567656e65726174657c693a313534353033383434343b6272616e636849447c733a313a2231223b726f6c657c733a313a2231223b757365726e616d657c733a31343a22696e666f406a6d642e636f2e696e223b),
('4km56vdp9thjpeq32n2h90uegc0itn6s', '47.9.73.136', 1545106802, 0x5f5f63695f6c6173745f726567656e65726174657c693a313534353130363736303b6272616e636849447c733a313a2231223b726f6c657c733a313a2231223b757365726e616d657c733a31343a22696e666f406a6d642e636f2e696e223b),
('fg7pp15mtjc2armnfagkkephn9mm42tu', '122.228.19.80', 1545118224, 0x5f5f63695f6c6173745f726567656e65726174657c693a313534353131383231333b),
('nkt21f281ng9trb94r392qqr94fngfpp', '209.17.97.34', 1545138294, 0x5f5f63695f6c6173745f726567656e65726174657c693a313534353133383239343b),
('re2f2mgo8p6dejv95ascljm22hc1pq9r', '122.228.19.80', 1545142414, 0x5f5f63695f6c6173745f726567656e65726174657c693a313534353134323431343b),
('1pojv5rjn6cqsqt1isic9driccbdrir4', '47.9.117.231', 1545197608, 0x5f5f63695f6c6173745f726567656e65726174657c693a313534353139373537323b6272616e636849447c733a313a2231223b726f6c657c733a313a2231223b757365726e616d657c733a31343a22696e666f406a6d642e636f2e696e223b),
('id2iij370vinkouhkt7f30k2ocpcuho8', '47.9.117.231', 1545198418, 0x5f5f63695f6c6173745f726567656e65726174657c693a313534353139383136313b6272616e636849447c733a313a2231223b726f6c657c733a313a2231223b757365726e616d657c733a31343a22696e666f406a6d642e636f2e696e223b),
('k8peppt10b4gm4n0la2c8gene5jggn7c', '47.8.173.21', 1545215435, 0x5f5f63695f6c6173745f726567656e65726174657c693a313534353231353234363b6272616e636849447c733a313a2231223b726f6c657c733a313a2231223b757365726e616d657c733a31343a22696e666f406a6d642e636f2e696e223b),
('tibd8pg5ah5buabddtk909o48bbqshvr', '47.8.173.21', 1545215930, 0x5f5f63695f6c6173745f726567656e65726174657c693a313534353231353633333b6272616e636849447c733a313a2231223b726f6c657c733a313a2231223b757365726e616d657c733a31343a22696e666f406a6d642e636f2e696e223b),
('2jpj7dlkc6268tie66mcu24k351l2eip', '47.8.173.21', 1545216417, 0x5f5f63695f6c6173745f726567656e65726174657c693a313534353231353935353b6272616e636849447c733a313a2231223b726f6c657c733a313a2231223b757365726e616d657c733a31343a22696e666f406a6d642e636f2e696e223b),
('4edmtei48q2p26f6m8i1upd974jqsoa0', '117.234.147.47', 1545389823, 0x5f5f63695f6c6173745f726567656e65726174657c693a313534353338393730323b6272616e636849447c733a313a2231223b726f6c657c733a313a2231223b757365726e616d657c733a31343a22696e666f406a6d642e636f2e696e223b),
('b34eah5j16r43p1e4429gn9p94km4jmg', '45.252.77.167', 1545473356, 0x5f5f63695f6c6173745f726567656e65726174657c693a313534353437333335363b),
('mkl1l4abq458pna1i9pk14f5qa26inf4', '45.252.77.155', 1545548058, 0x5f5f63695f6c6173745f726567656e65726174657c693a313534353534373933323b6272616e636849447c733a313a2231223b726f6c657c733a313a2231223b757365726e616d657c733a31343a22696e666f406a6d642e636f2e696e223b),
('9s063bslnijdlrtf4ohgd5a71mrrbhot', '45.252.77.155', 1545548698, 0x5f5f63695f6c6173745f726567656e65726174657c693a313534353534383639383b6272616e636849447c733a313a2231223b726f6c657c733a313a2231223b757365726e616d657c733a31343a22696e666f406a6d642e636f2e696e223b),
('1763dns2gbd7dfo56dse0459cj3ivvt5', '45.252.77.155', 1545550083, 0x5f5f63695f6c6173745f726567656e65726174657c693a313534353534393738333b6272616e636849447c733a313a2231223b726f6c657c733a313a2231223b757365726e616d657c733a31343a22696e666f406a6d642e636f2e696e223b),
('e6fkkrdceee3hfik1ag8pehme0je0isj', '45.252.77.155', 1545550522, 0x5f5f63695f6c6173745f726567656e65726174657c693a313534353535303339373b6272616e636849447c733a313a2231223b726f6c657c733a313a2231223b757365726e616d657c733a31343a22696e666f406a6d642e636f2e696e223b),
('jijutv0iqdepafdbg316vkjesjik4n3g', '64.233.173.59', 1545552403, 0x5f5f63695f6c6173745f726567656e65726174657c693a313534353535323231333b6272616e636849447c733a313a2231223b726f6c657c733a313a2231223b757365726e616d657c733a31343a22696e666f406a6d642e636f2e696e223b),
('oqe4ltpv7qvhgng3mkfcrcv0u1p4st2d', '64.233.173.61', 1545553227, 0x5f5f63695f6c6173745f726567656e65726174657c693a313534353535333038333b6272616e636849447c733a313a2231223b726f6c657c733a313a2231223b757365726e616d657c733a31343a22696e666f406a6d642e636f2e696e223b),
('nekh825cjt9sia7us5375170l2946k17', '64.233.173.61', 1545553398, 0x5f5f63695f6c6173745f726567656e65726174657c693a313534353535333339383b6272616e636849447c733a313a2231223b726f6c657c733a313a2231223b757365726e616d657c733a31343a22696e666f406a6d642e636f2e696e223b),
('2g3nf9518vgv47v0lr520d1m3349e5h5', '47.29.22.175', 1545566205, 0x5f5f63695f6c6173745f726567656e65726174657c693a313534353536363130313b6272616e636849447c733a313a2231223b726f6c657c733a313a2231223b757365726e616d657c733a31343a22696e666f406a6d642e636f2e696e223b),
('bgd5gfcmd1g27ate01bflbblh6ma3jt6', '47.29.22.175', 1545566693, 0x5f5f63695f6c6173745f726567656e65726174657c693a313534353536363435353b6272616e636849447c733a313a2231223b726f6c657c733a313a2231223b757365726e616d657c733a31343a22696e666f406a6d642e636f2e696e223b),
('edvt207988c2s1er66ssujj95lf9gjkp', '47.29.96.133', 1545567045, 0x5f5f63695f6c6173745f726567656e65726174657c693a313534353536363830303b6272616e636849447c733a313a2231223b726f6c657c733a313a2231223b757365726e616d657c733a31343a22696e666f406a6d642e636f2e696e223b),
('cu9heo3v3v5b7p758c32nkd2vb9b6rjo', '47.29.22.175', 1545567231, 0x5f5f63695f6c6173745f726567656e65726174657c693a313534353536373133313b6272616e636849447c733a313a2231223b726f6c657c733a313a2231223b757365726e616d657c733a31343a22696e666f406a6d642e636f2e696e223b),
('u7i6k45ogc9vm9e9d7263goep8mrolas', '47.29.96.133', 1545570099, 0x5f5f63695f6c6173745f726567656e65726174657c693a313534353537303037353b6272616e636849447c733a313a2231223b726f6c657c733a313a2231223b757365726e616d657c733a31343a22696e666f406a6d642e636f2e696e223b),
('18ld450h8pkc2ntg6m05h8mr2g3107t5', '47.29.22.175', 1545571469, 0x5f5f63695f6c6173745f726567656e65726174657c693a313534353537313435343b6272616e636849447c733a313a2231223b726f6c657c733a313a2231223b757365726e616d657c733a31343a22696e666f406a6d642e636f2e696e223b),
('44l57rih3k46k4kc0rhudpuh6s54osma', '45.252.77.165', 1545602420, 0x5f5f63695f6c6173745f726567656e65726174657c693a313534353630323338393b6272616e636849447c733a313a2231223b726f6c657c733a313a2231223b757365726e616d657c733a31343a22696e666f406a6d642e636f2e696e223b),
('5dmap4sssip2g6103p37bbco0om5imbq', '45.252.77.165', 1545602936, 0x5f5f63695f6c6173745f726567656e65726174657c693a313534353630323737353b6272616e636849447c733a313a2231223b726f6c657c733a313a2231223b757365726e616d657c733a31343a22696e666f406a6d642e636f2e696e223b),
('cane0jpr50smnr5rgptev0ll3p2vnln0', '47.29.123.51', 1545617874, 0x5f5f63695f6c6173745f726567656e65726174657c693a313534353631373632353b),
('51ggli8e9e3ab8tavhon4c8cgnshij2t', '47.29.21.249', 1545618029, 0x5f5f63695f6c6173745f726567656e65726174657c693a313534353631373839373b6272616e636849447c733a313a2231223b726f6c657c733a313a2231223b757365726e616d657c733a31343a22696e666f406a6d642e636f2e696e223b),
('s1anqeln53ralfq05iuvrrcbn0ou4dfn', '47.29.123.51', 1545620354, 0x5f5f63695f6c6173745f726567656e65726174657c693a313534353632303332373b6272616e636849447c733a313a2231223b726f6c657c733a313a2231223b757365726e616d657c733a31343a22696e666f406a6d642e636f2e696e223b),
('mvif8210t3o28i5pb32cmd0f82qja1vt', '47.29.21.249', 1545622756, 0x5f5f63695f6c6173745f726567656e65726174657c693a313534353632323735313b6272616e636849447c733a313a2231223b726f6c657c733a313a2231223b757365726e616d657c733a31343a22696e666f406a6d642e636f2e696e223b),
('b4qbfg3oguhuer2u4tkdf9lohrdtkc9k', '47.29.123.51', 1545624806, 0x5f5f63695f6c6173745f726567656e65726174657c693a313534353632343830363b6272616e636849447c733a313a2231223b726f6c657c733a313a2231223b757365726e616d657c733a31343a22696e666f406a6d642e636f2e696e223b),
('00sd7ut9jondnl4q8a0f5h0hmbtk3e8k', '157.42.38.171', 1545629996, 0x5f5f63695f6c6173745f726567656e65726174657c693a313534353632393734303b6272616e636849447c733a313a2231223b726f6c657c733a313a2231223b757365726e616d657c733a31343a22696e666f406a6d642e636f2e696e223b),
('5pgvnil5s9ttgjbel9upon7kroe5eru1', '157.42.38.171', 1545630143, 0x5f5f63695f6c6173745f726567656e65726174657c693a313534353633303034343b6272616e636849447c733a313a2231223b726f6c657c733a313a2231223b757365726e616d657c733a31343a22696e666f406a6d642e636f2e696e223b),
('7jms50247org48jbgim3v6nck587t6j0', '157.42.38.171', 1545630634, 0x5f5f63695f6c6173745f726567656e65726174657c693a313534353633303336383b6272616e636849447c733a313a2231223b726f6c657c733a313a2231223b757365726e616d657c733a31343a22696e666f406a6d642e636f2e696e223b),
('q50kku2f4grh9a9ed344197a484u0jbf', '47.9.128.101', 1545644065, 0x5f5f63695f6c6173745f726567656e65726174657c693a313534353634343036353b),
('los9jk029vbp2dv5v5lbkrln7lrpvpuc', '47.9.128.101', 1545644065, 0x5f5f63695f6c6173745f726567656e65726174657c693a313534353634343036353b),
('gme1fdfgukeuvempjdbacs1fhmd65bcg', '47.9.128.101', 1545644068, 0x5f5f63695f6c6173745f726567656e65726174657c693a313534353634343036363b),
('l7a4usts26kqiaptm11r5ljijhlm7e7d', '64.233.173.61', 1545645491, 0x5f5f63695f6c6173745f726567656e65726174657c693a313534353634353439313b),
('s138gsd63hhee8rhp8u1su8iv6uf0km7', '49.44.184.70', 1545645985, 0x5f5f63695f6c6173745f726567656e65726174657c693a313534353634353938333b),
('f4gso5t5gpk6sefnola10qdcv88t49rr', '47.29.61.207', 1545646352, 0x5f5f63695f6c6173745f726567656e65726174657c693a313534353634363035353b6272616e636849447c733a313a2231223b726f6c657c733a313a2231223b757365726e616d657c733a31343a22696e666f406a6d642e636f2e696e223b),
('fv7b3i6ug1v9k4vdfk3mcrl3kaig3u40', '47.29.61.207', 1545646430, 0x5f5f63695f6c6173745f726567656e65726174657c693a313534353634363336393b6272616e636849447c733a313a2231223b726f6c657c733a313a2231223b757365726e616d657c733a31343a22696e666f406a6d642e636f2e696e223b),
('tpqne3ml2arqdhtfhddnl9vb23uca7gv', '64.233.173.61', 1545647831, 0x5f5f63695f6c6173745f726567656e65726174657c693a313534353634373833313b),
('r2espvcj94u0bkppnn3kp8b13q8s4rb6', '47.9.253.212', 1545658186, 0x5f5f63695f6c6173745f726567656e65726174657c693a313534353635383134363b6272616e636849447c733a313a2231223b726f6c657c733a313a2231223b757365726e616d657c733a31343a22696e666f406a6d642e636f2e696e223b),
('iugsc3fvidi7g8r1fik6jvko6itfsvs1', '45.252.77.244', 1545660090, 0x5f5f63695f6c6173745f726567656e65726174657c693a313534353635393739393b6272616e636849447c733a313a2231223b726f6c657c733a313a2231223b757365726e616d657c733a31343a22696e666f406a6d642e636f2e696e223b),
('ii4g71tc8e13s9g612rkvg4o0ckptkms', '45.252.77.244', 1545660507, 0x5f5f63695f6c6173745f726567656e65726174657c693a313534353636303438363b6272616e636849447c733a313a2231223b726f6c657c733a313a2231223b757365726e616d657c733a31343a22696e666f406a6d642e636f2e696e223b),
('n2obee78u9ee9ep2rpqb36qvfva8d2su', '45.252.77.244', 1545661082, 0x5f5f63695f6c6173745f726567656e65726174657c693a313534353636313037363b6272616e636849447c733a313a2231223b726f6c657c733a313a2231223b757365726e616d657c733a31343a22696e666f406a6d642e636f2e696e223b),
('g9ha8klri357ejaareco0jk441jqqals', '209.17.96.26', 1545672747, 0x5f5f63695f6c6173745f726567656e65726174657c693a313534353637323734373b),
('nl7k05fjh4lftd5mp5kv4skjkef6dom2', '45.252.77.244', 1545673703, 0x5f5f63695f6c6173745f726567656e65726174657c693a313534353637333730313b),
('p8hvqrih6gnl95o52r7f9jvtqpvmnae5', '45.252.77.244', 1545674857, 0x5f5f63695f6c6173745f726567656e65726174657c693a313534353637343738373b6272616e636849447c733a313a2231223b726f6c657c733a313a2231223b757365726e616d657c733a31343a22696e666f406a6d642e636f2e696e223b),
('uc3i787o16rqqsbdgpbmjm149mnenao2', '45.252.77.244', 1545675412, 0x5f5f63695f6c6173745f726567656e65726174657c693a313534353637353139363b6272616e636849447c733a313a2231223b726f6c657c733a313a2231223b757365726e616d657c733a31343a22696e666f406a6d642e636f2e696e223b),
('cg9588ulaf101p8drivuoumlp19rvnit', '45.252.77.244', 1545675979, 0x5f5f63695f6c6173745f726567656e65726174657c693a313534353637353639313b6272616e636849447c733a313a2231223b726f6c657c733a313a2231223b757365726e616d657c733a31343a22696e666f406a6d642e636f2e696e223b),
('vuv0gmoupftrls6f9r6aif1ekl9ktpos', '45.252.77.244', 1545676313, 0x5f5f63695f6c6173745f726567656e65726174657c693a313534353637363032313b6272616e636849447c733a313a2231223b726f6c657c733a313a2231223b757365726e616d657c733a31343a22696e666f406a6d642e636f2e696e223b),
('3lrjvm4uh3trok0fliegemqjmrk2m7ma', '45.252.77.244', 1545676391, 0x5f5f63695f6c6173745f726567656e65726174657c693a313534353637363333383b6272616e636849447c733a313a2231223b726f6c657c733a313a2231223b757365726e616d657c733a31343a22696e666f406a6d642e636f2e696e223b),
('camq6i47km4kl8l5qkms2b64bo3m1mql', '45.252.77.244', 1545677001, 0x5f5f63695f6c6173745f726567656e65726174657c693a313534353637363836353b6272616e636849447c733a313a2231223b726f6c657c733a313a2231223b757365726e616d657c733a31343a22696e666f406a6d642e636f2e696e223b),
('sbeht5eolaeo3723v69scf5246q4rcsd', '45.252.77.244', 1545677500, 0x5f5f63695f6c6173745f726567656e65726174657c693a313534353637373230383b6272616e636849447c733a313a2231223b726f6c657c733a313a2231223b757365726e616d657c733a31343a22696e666f406a6d642e636f2e696e223b),
('6ao432sdusashnae2nake1m38440ntq2', '45.252.77.244', 1545677799, 0x5f5f63695f6c6173745f726567656e65726174657c693a313534353637373532333b6272616e636849447c733a313a2231223b726f6c657c733a313a2231223b757365726e616d657c733a31343a22696e666f406a6d642e636f2e696e223b),
('fejtmumhvjori518lpaltd5ionv55kvg', '45.252.77.244', 1545677911, 0x5f5f63695f6c6173745f726567656e65726174657c693a313534353637373931313b6272616e636849447c733a313a2231223b726f6c657c733a313a2231223b757365726e616d657c733a31343a22696e666f406a6d642e636f2e696e223b),
('oeuqcaits7kahrt942shkqfqhnb17dlg', '157.35.237.208', 1545704843, 0x5f5f63695f6c6173745f726567656e65726174657c693a313534353730343535343b6272616e636849447c733a313a2231223b726f6c657c733a313a2231223b757365726e616d657c733a31343a22696e666f406a6d642e636f2e696e223b),
('3lj30jgtueoekpnkdef6402bkmbkubal', '157.35.237.208', 1545705150, 0x5f5f63695f6c6173745f726567656e65726174657c693a313534353730343836363b6272616e636849447c733a313a2231223b726f6c657c733a313a2231223b757365726e616d657c733a31343a22696e666f406a6d642e636f2e696e223b),
('r76qbun69be0vmibdqpnvvvkgcpr8v38', '157.35.237.208', 1545705231, 0x5f5f63695f6c6173745f726567656e65726174657c693a313534353730353136383b6272616e636849447c733a313a2231223b726f6c657c733a313a2231223b757365726e616d657c733a31343a22696e666f406a6d642e636f2e696e223b),
('cht8romig3rjnagpse2gbd25ucd4sliq', '47.9.184.243', 1545706329, 0x5f5f63695f6c6173745f726567656e65726174657c693a313534353730363134363b6272616e636849447c733a313a2231223b726f6c657c733a313a2231223b757365726e616d657c733a31343a22696e666f406a6d642e636f2e696e223b),
('daq72m78c3q8f8t8t04e1ue167nilrrt', '45.252.77.150', 1545707372, 0x5f5f63695f6c6173745f726567656e65726174657c693a313534353730373337323b),
('gblstm6c16je17ogqvndtsvi7gg7vhkk', '45.252.77.150', 1545708347, 0x5f5f63695f6c6173745f726567656e65726174657c693a313534353730383334373b),
('0udd27foiol3q06oee8chenish9j245r', '45.252.77.150', 1545709369, 0x5f5f63695f6c6173745f726567656e65726174657c693a313534353730393332363b);

-- --------------------------------------------------------

--
-- Table structure for table `committee`
--

CREATE TABLE `committee` (
  `id` int(11) NOT NULL,
  `branchID` int(11) NOT NULL,
  `employeeID` int(11) NOT NULL,
  `title` varchar(255) NOT NULL,
  `updated` timestamp NOT NULL DEFAULT CURRENT_TIMESTAMP ON UPDATE CURRENT_TIMESTAMP,
  `created` timestamp NOT NULL DEFAULT CURRENT_TIMESTAMP
) ENGINE=InnoDB DEFAULT CHARSET=utf8;

--
-- Dumping data for table `committee`
--

INSERT INTO `committee` (`id`, `branchID`, `employeeID`, `title`, `updated`, `created`) VALUES
(6, 1, 17, 'asha', '2018-12-02 18:17:20', '2018-12-02 18:17:20'),
(7, 6, 19, 'Rasara Ballia', '2018-12-25 02:33:26', '2018-12-25 02:33:26');

-- --------------------------------------------------------

--
-- Table structure for table `customer`
--

CREATE TABLE `customer` (
  `id` int(11) NOT NULL,
  `loginID` int(11) NOT NULL,
  `branchID` int(11) NOT NULL,
  `committeeID` int(11) NOT NULL,
  `joinerID` int(11) DEFAULT NULL,
  `activeStatus` tinyint(1) NOT NULL DEFAULT '1',
  `policy_No` varchar(25) NOT NULL,
  `Customer_ID` varchar(25) NOT NULL,
  `name` varchar(255) NOT NULL,
  `fatherName` varchar(255) NOT NULL,
  `motherName` varchar(255) NOT NULL,
  `dob` timestamp NOT NULL DEFAULT CURRENT_TIMESTAMP,
  `gender` enum('MALE','FEMALE','OTHER') NOT NULL,
  `category` enum('GEN','OBC','SC','ST','OTHER') NOT NULL,
  `qualification` varchar(255) NOT NULL,
  `address` varchar(255) NOT NULL,
  `city` varchar(255) NOT NULL,
  `state` varchar(255) DEFAULT NULL,
  `pin` varchar(6) DEFAULT NULL,
  `country` varchar(20) DEFAULT NULL,
  `phone` varchar(10) DEFAULT NULL,
  `mobile` varchar(255) DEFAULT NULL COMMENT 'multiple contacts separated by comma.',
  `email` varchar(255) DEFAULT NULL,
  `adhaarNo` varchar(12) DEFAULT NULL,
  `occupation` varchar(255) DEFAULT NULL,
  `image` varchar(255) DEFAULT NULL,
  `idProof` varchar(255) DEFAULT NULL,
  `signature` varchar(255) NOT NULL,
  `status` tinyint(1) NOT NULL DEFAULT '1' COMMENT '0: Deactivated, Activated',
  `updated` timestamp NOT NULL DEFAULT CURRENT_TIMESTAMP ON UPDATE CURRENT_TIMESTAMP,
  `created` timestamp NOT NULL DEFAULT CURRENT_TIMESTAMP
) ENGINE=InnoDB DEFAULT CHARSET=utf8;

--
-- Dumping data for table `customer`
--

INSERT INTO `customer` (`id`, `loginID`, `branchID`, `committeeID`, `joinerID`, `activeStatus`, `policy_No`, `Customer_ID`, `name`, `fatherName`, `motherName`, `dob`, `gender`, `category`, `qualification`, `address`, `city`, `state`, `pin`, `country`, `phone`, `mobile`, `email`, `adhaarNo`, `occupation`, `image`, `idProof`, `signature`, `status`, `updated`, `created`) VALUES
(22, 55, 1, 6, NULL, 1, '181203P22', '181203C22', 'PRIYANSHU KUMAR', 'Siva', '   SHIV DEVI', '0000-00-00 00:00:00', '', '', 'DCA, POST GRADUATION ', 'KAKARMAU (NAUBASTA)', '   KANPUR DEHAT ', 'U.P.', '209307', 'India', '8853132317', '9140384541', 'priyanshurathaur97@gmail.com', '798567306379', NULL, 'IMG181203C22.png', 'PROOF181203C22.png', 'SIG181203C22.png', 1, '2018-12-19 10:29:33', '2018-12-03 04:46:59'),
(23, 56, 1, 6, NULL, 1, '181015P23', '181015C23', 'AJAY SINGH ', 'RAVIKANT', ' RADHA ', '0000-00-00 00:00:00', '', '', 'INTERMEDIAT ', 'MADHURPUR', ' KANNAUJ ', 'UP', '208031', 'India', '9919649088', '9919649088', 'aksinghkatiyar12@gmail.com', '445412345645', NULL, 'IMG181015C23.png', 'PROOF181015C23.png', 'SIG181015C23.png', 1, '2018-12-03 06:26:17', '2018-12-03 04:55:09'),
(24, 57, 1, 6, NULL, 1, '141225P24', '141225C24', 'KAJAL SRIVASTVA ', 'MADAV PRASAD', '  RANI SRIVASTVA ', '0000-00-00 00:00:00', 'OTHER', 'OTHER', 'GARADUAT ', '121/444 G BLOCK KANPUR NAGAR', '  KANPUR NAGAR ', 'UP ', '208004', 'India', '', '8853452165', 'kajalsrivastva245@gmail.com', '451235422362', NULL, 'IMG141225C24.png', 'PROOF141225C24.png', 'SIG141225C24.png', 1, '2018-12-03 06:29:25', '2018-12-03 05:07:26'),
(26, 59, 1, 6, NULL, 1, '151230P26', '151230C26', 'RIYA SINGH ', 'LAKSHMAN SINGH ', 'LAKSHMI ', '1994-02-03 00:00:00', 'FEMALE', 'OBC', 'DCA', '230/121 D BLOCK KANPUR ', 'KANPUR NAGAR ', 'UP ', '208004', 'India', '', '6345123455', 'riyasinghrajawat21@gmail.com', '456655755421', NULL, 'IMG151230C26.png', 'PROOF151230C26.png', 'SIG151230C26.png', 1, '2018-12-03 05:28:21', '2018-12-03 05:28:21'),
(27, 60, 1, 6, NULL, 1, '181203P27', '181203C27', 'RIYA SINGH ', 'LAKSHMAN SINGH ', 'LAKSHMI ', '1988-12-12 00:00:00', 'FEMALE', 'OBC', 'GARADUAT ', '230/121 D BLOCK KANPUR NAGAR', 'KANPUR NAGAR', 'UP ', '208017', 'India', '', '6312452131', 'riyasinghrajawat21@gmail.com', '621452163345', NULL, 'IMG181203C27.png', 'PROOF181203C27.png', 'SIG181203C27.png', 1, '2018-12-03 05:40:31', '2018-12-03 05:40:31'),
(28, 61, 1, 6, NULL, 1, '181203P28', '181203C28', 'MOHAN PAL ', 'RAJENDRA SINGH ', 'URMILA ', '1995-07-06 00:00:00', 'MALE', 'GEN', 'POST GRADUATE', '166/180 SRVODAY NAGAR KANPUR NAGAR ', 'KANPUR NAGAR ', 'UP ', '208005', 'India', '', '9946521636', 'mpgadwal2011@gmail.com', '254555132147', NULL, 'IMG181203C28.png', 'PROOF181203C28.png', 'SIG181203C28.png', 1, '2018-12-03 05:49:58', '2018-12-03 05:49:58'),
(29, 62, 1, 6, NULL, 1, '181203P29', '181203C29', 'GAURAV SINGH ', 'AVDESH SINGH', 'SULEKHA ', '1991-06-04 00:00:00', 'MALE', 'OBC', 'INTERMEDATE', 'HARIKISHANPUR ', 'KANPUR DEHAT ', 'UP ', '209204', 'India', '', '9145213213', 'gauravsinghh24@gmail.com', '654123445661', NULL, 'IMG181203C29.png', 'PROOF181203C29.png', 'SIG181203C29.png', 1, '2018-12-03 06:01:09', '2018-12-03 06:01:09'),
(30, 63, 1, 6, NULL, 1, '181203P30', '181203C30', 'KOMAL PAL ', 'RAM KISHOR ', 'MADHURI ', '1985-02-05 00:00:00', 'MALE', 'SC', 'M.A.(B.Ed)', 'RASTPUR BAGHPUR KANPUR DEHAT ', 'KANPUR DEHAT ', 'UP ', '209206', 'India', '', '8853642132', 'komalpalkishna42@gmail.com', '524215563425', NULL, 'IMG181203C30.png', 'PROOF181203C30.png', 'SIG181203C30.png', 1, '2018-12-03 06:10:32', '2018-12-03 06:10:32'),
(31, 64, 1, 6, NULL, 1, '181203P31', '181203C31', 'MAHESH ', 'RADHE LAL ', 'KAMLA DEVI ', '1988-01-01 00:00:00', 'MALE', 'ST', 'M.A.', 'KAKARMAU NAUBASTA KANPUR DEHAT ', 'KANPUR DEHAT ', 'UP ', '209305', 'India', '', '9984512456', 'maheshsingh545@gmail.com', '554123456232', NULL, 'IMG181203C31.png', 'PROOF181203C31.png', 'SIG181203C31.png', 1, '2018-12-03 06:16:41', '2018-12-03 06:16:41'),
(32, 65, 1, 6, NULL, 1, '180303P32', '180303C32', 'Dablu', 'Kumar', 'Shima', '1979-02-22 00:00:00', 'MALE', 'OBC', 'Ba', 'Villa Post Lahuwar Zamania Ghazipur UP, Lahuwar Zamana Ghazipur', 'Ghazipur', 'Uttar Pradesh', '232329', 'India', '9616448916', '9616448916', 'sachdeva.zamania@gmail.com', '123456345612', NULL, NULL, NULL, '', 1, '2018-12-03 17:47:29', '2018-12-03 17:47:29'),
(33, 66, 1, 6, NULL, 1, '180303P33', '180303C33', 'Dablu', 'Kumar', 'Shima', '1979-02-22 00:00:00', 'MALE', 'OBC', 'Ba', 'Villa Post Lahuwar Zamania Ghazipur UP, Lahuwar Zamana Ghazipur', 'Ghazipur', 'Uttar Pradesh', '232329', 'India', '9616448916', '9616448916', 'sachdeva.zamania@gmail.com', '123456345612', NULL, NULL, NULL, '', 1, '2018-12-03 17:51:38', '2018-12-03 17:51:38'),
(34, 67, 1, 6, NULL, 1, '181204P34', '181204C34', 'Ravi', 'Arjun ', ' Satendra Lal Vimala Devi Devi', '0000-00-00 00:00:00', 'MALE', 'OBC', '10', '25, Purab Muhall Durga Sthan Bhabua', ' Bhabua', 'Bihar', '821101', 'India', '7654877581', '9616445225', 'sachdeva.zamania@gmail.com', '897858562545', NULL, 'IMG181204C34.jpg', 'PROOF181204C34.jpg', 'SIG181204C34.jpg', 1, '2018-12-04 14:10:08', '2018-12-04 14:06:54'),
(35, 68, 1, 6, NULL, 1, '181204P35', '181204C35', 'Karmchand', 'Rupa Basnta', ' Janki', '2002-07-19 00:00:00', '', '', '12', 'Bindnagar Akhlashpur Bhabua', ' Bhabua', 'Bihar', '232329', 'India', '9616448916', '9616448916', 'sachdeva@gmail.com', '897858562545', NULL, 'IMG181204C35.jpg', 'PROOF181204C35.jpg', 'SIG181204C35.jpg', 1, '2018-12-19 10:30:35', '2018-12-04 14:36:29');

-- --------------------------------------------------------

--
-- Table structure for table `daybook`
--

CREATE TABLE `daybook` (
  `id` int(11) NOT NULL,
  `customer_ID` varchar(20) NOT NULL,
  `amount` decimal(10,0) NOT NULL,
  `transactionType` enum('credit','debit') NOT NULL,
  `source` varchar(255) NOT NULL,
  `updated` timestamp NOT NULL DEFAULT CURRENT_TIMESTAMP ON UPDATE CURRENT_TIMESTAMP,
  `created` timestamp NOT NULL DEFAULT CURRENT_TIMESTAMP,
  `invoice_no` varchar(20) NOT NULL
) ENGINE=InnoDB DEFAULT CHARSET=utf8;

--
-- Dumping data for table `daybook`
--

INSERT INTO `daybook` (`id`, `customer_ID`, `amount`, `transactionType`, `source`, `updated`, `created`, `invoice_no`) VALUES
(1, '', '100', 'credit', 'Premium Amount', '2018-10-14 10:07:12', '2018-10-14 10:07:12', ''),
(2, '', '50000', 'credit', 'First Premium Amount', '2018-10-14 17:07:22', '2018-10-14 17:07:22', ''),
(3, '', '1500', 'credit', 'First Premium Amount', '2018-10-14 17:24:12', '2018-10-14 17:24:12', ''),
(4, '', '500', 'debit', 'Premium Amount', '2018-10-20 16:44:12', '2018-10-20 16:44:12', ''),
(5, '', '1', 'credit', 'Premium Amount', '2018-11-11 09:39:28', '2018-11-11 09:39:28', ''),
(6, '', '0', 'credit', 'First Premium Amount', '2018-11-25 08:37:31', '2018-11-25 08:37:31', ''),
(7, '', '0', 'credit', 'Premium Amount', '2018-11-30 10:34:04', '2018-11-30 10:34:04', ''),
(8, '', '10000', 'credit', 'First Premium Amount', '2018-11-30 16:19:19', '2018-11-30 16:19:19', ''),
(9, '', '672', 'credit', 'First Premium Amount', '2018-11-30 17:43:06', '2018-11-30 17:43:06', ''),
(10, '', '672', 'credit', 'First Premium Amount', '2018-11-30 17:48:37', '2018-11-30 17:48:37', ''),
(11, '', '1000', 'credit', 'First Premium Amount', '2018-12-02 12:58:19', '2018-12-02 12:58:19', ''),
(12, '', '1000', 'credit', 'First Premium Amount', '2018-12-02 13:17:00', '2018-12-02 13:17:00', ''),
(13, '', '10000', 'credit', 'First Premium Amount', '2018-12-02 19:11:37', '2018-12-02 19:11:37', ''),
(14, '', '2000', 'credit', 'First Premium Amount', '2018-12-02 19:21:42', '2018-12-02 19:21:42', ''),
(15, '', '140', 'credit', 'First Premium Amount', '2018-12-02 19:25:04', '2018-12-02 19:25:04', ''),
(16, '', '10000', 'credit', 'First Premium Amount', '2018-12-02 19:27:50', '2018-12-02 19:27:50', ''),
(17, '', '10000', 'credit', 'First Premium Amount', '2018-12-03 04:46:59', '2018-12-03 04:46:59', ''),
(18, '', '1500', 'credit', 'First Premium Amount', '2018-12-03 04:55:09', '2018-12-03 04:55:09', ''),
(19, '', '0', 'credit', 'First Premium Amount', '2018-12-03 05:07:26', '2018-12-03 05:07:26', ''),
(20, '', '1500', 'credit', 'First Premium Amount', '2018-12-03 05:15:26', '2018-12-03 05:15:26', ''),
(21, '', '100', 'credit', 'First Premium Amount', '2018-12-03 05:28:21', '2018-12-03 05:28:21', ''),
(22, '', '360', 'credit', 'First Premium Amount', '2018-12-03 05:40:31', '2018-12-03 05:40:31', ''),
(23, '', '20000', 'credit', 'First Premium Amount', '2018-12-03 05:49:58', '2018-12-03 05:49:58', ''),
(24, '', '550', 'credit', 'First Premium Amount', '2018-12-03 06:01:09', '2018-12-03 06:01:09', ''),
(25, '', '560', 'credit', 'First Premium Amount', '2018-12-03 06:10:32', '2018-12-03 06:10:32', ''),
(26, '', '12000', 'credit', 'Premium Amount', '2018-12-03 06:22:57', '2018-12-03 06:14:01', '1025'),
(27, '', '12000', 'credit', 'First Premium Amount', '2018-12-03 06:16:41', '2018-12-03 06:16:41', ''),
(28, '29', '550', 'credit', 'Premium Amount', '2018-12-03 08:05:55', '2018-12-03 08:05:55', '2027'),
(29, '29', '550', 'credit', 'Premium Amount', '2018-12-03 08:11:28', '2018-12-03 08:11:28', '2028'),
(30, '29', '550', 'credit', 'Premium Amount', '2018-12-03 08:15:56', '2018-12-03 08:15:56', '2029'),
(31, '29', '550', 'credit', 'Premium Amount', '2018-12-03 08:18:16', '2018-12-03 08:18:16', '2030'),
(32, '29', '550', 'credit', 'Premium Amount', '2018-12-03 08:19:00', '2018-12-03 08:19:00', '2031'),
(33, '23', '1', 'credit', 'Premium Amount', '2018-12-03 10:20:30', '2018-12-03 10:20:30', '2032'),
(34, '23', '1', 'credit', 'Premium Amount', '2018-12-03 10:21:28', '2018-12-03 10:21:28', '2033'),
(35, '23', '1', 'credit', 'Premium Amount', '2018-12-03 11:48:21', '2018-12-03 11:48:21', '2034'),
(36, '23', '1', 'credit', 'Premium Amount', '2018-12-03 11:48:45', '2018-12-03 11:48:45', '2035'),
(37, '23', '1', 'credit', 'Premium Amount', '2018-12-03 11:49:10', '2018-12-03 11:49:10', '2036'),
(38, '23', '1', 'credit', 'Premium Amount', '2018-12-03 11:49:35', '2018-12-03 11:49:35', '2037'),
(39, '23', '1', 'credit', 'Premium Amount', '2018-12-03 11:49:51', '2018-12-03 11:49:51', '2038'),
(40, '23', '1', 'credit', 'Premium Amount', '2018-12-03 11:50:06', '2018-12-03 11:50:06', '2039'),
(41, '23', '1', 'credit', 'Premium Amount', '2018-12-03 11:50:26', '2018-12-03 11:50:26', '2040'),
(42, '23', '1', 'credit', 'Premium Amount', '2018-12-03 11:50:46', '2018-12-03 11:50:46', '2041'),
(43, '23', '1', 'credit', 'Premium Amount', '2018-12-03 11:51:06', '2018-12-03 11:51:06', '2042'),
(44, '23', '1', 'credit', 'Premium Amount', '2018-12-03 11:55:53', '2018-12-03 11:55:53', '2043'),
(45, '23', '1500', 'credit', 'Premium Amount', '2018-12-03 11:59:51', '2018-12-03 11:59:51', '2044'),
(46, '', '600', 'credit', 'First Premium Amount', '2018-12-04 14:06:54', '2018-12-04 14:06:54', ''),
(47, '', '50000', 'credit', 'First Premium Amount', '2018-12-04 14:36:29', '2018-12-04 14:36:29', ''),
(48, '32', '600', 'credit', 'Premium Amount', '2018-12-05 19:05:53', '2018-12-05 19:05:53', '3047'),
(49, '32', '600', 'credit', 'Premium Amount', '2018-12-06 14:03:26', '2018-12-06 14:03:26', '3048'),
(50, '32', '1200', 'credit', 'Premium Amount', '2018-12-19 10:38:30', '2018-12-19 10:38:30', '3049');

-- --------------------------------------------------------

--
-- Table structure for table `employee`
--

CREATE TABLE `employee` (
  `id` int(11) NOT NULL,
  `isAdmin` tinyint(1) NOT NULL DEFAULT '0' COMMENT '0: Not Admin, 1: Admin',
  `loginID` int(11) NOT NULL,
  `branchID` int(11) NOT NULL,
  `rank` int(2) DEFAULT NULL,
  `name` varchar(255) NOT NULL,
  `fatherName` varchar(255) NOT NULL,
  `motherName` varchar(255) NOT NULL,
  `dob` timestamp NOT NULL DEFAULT CURRENT_TIMESTAMP ON UPDATE CURRENT_TIMESTAMP,
  `gender` enum('MALE','FEMALE','OTHER') NOT NULL,
  `category` enum('GEN','OBC','SC','ST','OTHER') NOT NULL,
  `qualification` varchar(255) NOT NULL COMMENT 'Highest Qualification',
  `activeStatus` tinyint(1) NOT NULL COMMENT '0: Deactivated, 1: Activated',
  `address` varchar(255) NOT NULL,
  `city` varchar(255) NOT NULL,
  `state` varchar(255) NOT NULL,
  `pin` varchar(6) NOT NULL,
  `country` varchar(255) NOT NULL,
  `phone` varchar(255) NOT NULL,
  `mobile` varchar(255) NOT NULL,
  `email` varchar(255) NOT NULL,
  `aadharNo` varchar(12) NOT NULL,
  `image` varchar(255) NOT NULL,
  `signature` varchar(255) NOT NULL,
  `idProof` varchar(255) NOT NULL,
  `updated` timestamp NOT NULL DEFAULT CURRENT_TIMESTAMP ON UPDATE CURRENT_TIMESTAMP,
  `created` timestamp NOT NULL DEFAULT CURRENT_TIMESTAMP
) ENGINE=InnoDB DEFAULT CHARSET=utf8;

--
-- Dumping data for table `employee`
--

INSERT INTO `employee` (`id`, `isAdmin`, `loginID`, `branchID`, `rank`, `name`, `fatherName`, `motherName`, `dob`, `gender`, `category`, `qualification`, `activeStatus`, `address`, `city`, `state`, `pin`, `country`, `phone`, `mobile`, `email`, `aadharNo`, `image`, `signature`, `idProof`, `updated`, `created`) VALUES
(17, 0, 47, 1, 17, 'pankaj kumar', 'santosh kumar', 'sandya ', '0000-00-00 00:00:00', 'MALE', 'GEN', 'ma', 1, 'ghazipur', 'ghazipur', 'up', '233001', 'india', '', '8858017044', 'sonu100989@gmail.com', '123456789', '', '', '', '2018-12-02 18:02:55', '2018-12-02 18:02:55'),
(18, 0, 48, 1, 17, 'rahul kumar', 'ramesh kumar', 'sandya ', '2018-12-02 18:07:16', 'OTHER', 'OTHER', 'ma', 1, 'ghazipur', 'ghazipur', 'up', '233001', 'india', '', '8858017044', 'sonu100989@gmail.com', '123456789', 'IMG18.jpg', 'SIG18.jpg', 'PROOF18.jpg', '2018-12-03 10:12:29', '2018-12-02 18:07:16'),
(19, 0, 69, 6, 7, 'Pradeep Kumar', 'Siva', 'Sima', '2018-12-24 05:46:08', 'MALE', 'SC', '10', 1, 'Rasara Ballia', 'Ballia', 'UP', '222327', 'India', '9455820110', '9455820110', 'inf@jmdf.co.in', '897858562545', 'IMG19.jpg', 'SIG19.jpg', 'PROOF19.jpg', '2018-12-24 05:46:08', '2018-12-24 05:46:08');

-- --------------------------------------------------------

--
-- Table structure for table `fdDetail`
--

CREATE TABLE `fdDetail` (
  `id` int(11) NOT NULL,
  `customerID` varchar(16) NOT NULL,
  `policyID` varchar(16) NOT NULL,
  `premiumAmount` decimal(10,2) NOT NULL,
  `balancePremium` decimal(10,2) NOT NULL,
  `depositorName` varchar(255) NOT NULL,
  `payMode` varchar(255) NOT NULL,
  `paid` decimal(10,2) NOT NULL,
  `should_paid` timestamp NOT NULL DEFAULT '0000-00-00 00:00:00',
  `paid_date` timestamp NOT NULL DEFAULT '0000-00-00 00:00:00',
  `status` varchar(10) NOT NULL,
  `lateFee` decimal(10,2) NOT NULL,
  `remark` varchar(100) NOT NULL,
  `remaining_months` int(3) NOT NULL,
  `invoice_slip` varchar(20) NOT NULL
) ENGINE=InnoDB DEFAULT CHARSET=utf8;

--
-- Dumping data for table `fdDetail`
--

INSERT INTO `fdDetail` (`id`, `customerID`, `policyID`, `premiumAmount`, `balancePremium`, `depositorName`, `payMode`, `paid`, `should_paid`, `paid_date`, `status`, `lateFee`, `remark`, `remaining_months`, `invoice_slip`) VALUES
(1, '181203C22', '', '1200.00', '0.00', 'Amrita Devi', 'cash', '0.00', '2018-12-03 00:00:00', '2018-12-19 00:00:00', 'Paid', '0.00', 'Karmendra Sachdeva', 1, '3049'),
(2, '181203C28', '', '1200.00', '0.00', 'Amrita Devi', 'cash', '0.00', '2018-12-03 00:00:00', '2018-12-19 00:00:00', 'Paid', '0.00', 'Karmendra Sachdeva', 1, '3049');

-- --------------------------------------------------------

--
-- Table structure for table `fdmaster`
--

CREATE TABLE `fdmaster` (
  `id` int(11) NOT NULL,
  `percentage` decimal(10,2) NOT NULL COMMENT 'return (%) percentage of total amount',
  `duration` decimal(10,2) NOT NULL COMMENT 'Years',
  `durationMonth` int(11) NOT NULL COMMENT 'months'
) ENGINE=InnoDB DEFAULT CHARSET=utf8;

--
-- Dumping data for table `fdmaster`
--

INSERT INTO `fdmaster` (`id`, `percentage`, `duration`, `durationMonth`) VALUES
(1, '15.00', '1.00', 12),
(2, '50.00', '3.00', 36),
(3, '100.00', '5.00', 60),
(4, '200.00', '7.60', 90),
(5, '400.00', '11.60', 138),
(6, '900.00', '16.00', 192);

-- --------------------------------------------------------

--
-- Table structure for table `financialyear`
--

CREATE TABLE `financialyear` (
  `id` int(11) NOT NULL,
  `start` timestamp NULL DEFAULT NULL COMMENT 'financial start Year',
  `end` timestamp NULL DEFAULT NULL COMMENT 'financial end Year',
  `created` timestamp NOT NULL DEFAULT CURRENT_TIMESTAMP
) ENGINE=InnoDB DEFAULT CHARSET=utf8;

-- --------------------------------------------------------

--
-- Table structure for table `investmentDetail`
--

CREATE TABLE `investmentDetail` (
  `id` int(11) NOT NULL,
  `customerID` varchar(20) DEFAULT NULL COMMENT 'ID of customer table',
  `branchID` int(11) DEFAULT NULL,
  `committeeID` int(11) DEFAULT NULL,
  `planID` int(11) DEFAULT NULL,
  `durationYear` decimal(10,2) DEFAULT NULL COMMENT 'Total plan duration in years',
  `durationMonth` int(11) DEFAULT NULL COMMENT 'Total plan duration in month',
  `oneTimeInvestment` decimal(10,2) DEFAULT NULL COMMENT 'Customer invest one time total amout',
  `meturity` decimal(10,2) DEFAULT NULL COMMENT 'Amount return after complete plan duration',
  `appliedIntrest` decimal(10,2) DEFAULT NULL COMMENT 'interest applied on selected plan',
  `monthlyReturn` decimal(10,2) DEFAULT NULL COMMENT 'amount return on every month to customer',
  `monthlyInvestment` decimal(10,2) DEFAULT NULL COMMENT 'monthly amount invested by customer',
  `totalInvestment` decimal(10,2) DEFAULT NULL COMMENT 'total of all monthly invest amount',
  `investerAge` int(11) DEFAULT NULL COMMENT 'invester Age on date of plan taken',
  `pensionAmount` decimal(10,2) DEFAULT NULL COMMENT 'pension amount according to plan',
  `updated` timestamp NOT NULL DEFAULT CURRENT_TIMESTAMP ON UPDATE CURRENT_TIMESTAMP,
  `created` timestamp NOT NULL DEFAULT CURRENT_TIMESTAMP
) ENGINE=InnoDB DEFAULT CHARSET=utf8;

--
-- Dumping data for table `investmentDetail`
--

INSERT INTO `investmentDetail` (`id`, `customerID`, `branchID`, `committeeID`, `planID`, `durationYear`, `durationMonth`, `oneTimeInvestment`, `meturity`, `appliedIntrest`, `monthlyReturn`, `monthlyInvestment`, `totalInvestment`, `investerAge`, `pensionAmount`, `updated`, `created`) VALUES
(9, '2', 1, 5, 2, '1.00', 12, NULL, '132504.00', '10.42', NULL, '10000.00', '120000.00', NULL, NULL, '2018-10-01 17:20:50', '2018-10-01 17:20:50'),
(10, '3', 1, 5, 1, '1.00', 12, '5000.00', '5750.00', '15.00', NULL, NULL, NULL, NULL, NULL, '2018-10-02 16:44:48', '2018-10-02 16:44:48'),
(11, '4', 4, 4, 2, '2.00', 24, NULL, '2799.84', '16.66', NULL, '100.00', '2400.00', NULL, NULL, '2018-10-02 17:21:38', '2018-10-02 17:21:38'),
(12, '5', 4, 4, 3, '25.00', 300, NULL, '41400.00', '38.00', NULL, '100.00', '30000.00', 40, '1000.00', '2018-10-03 02:46:52', '2018-10-03 02:46:52'),
(13, '6', 1, 5, 4, '7.50', 90, '10000.00', '11200.00', '12.00', '200.00', NULL, NULL, NULL, NULL, '2018-11-30 16:19:20', '2018-11-30 16:19:20'),
(14, '11', 1, 5, 3, '25.00', 300, NULL, '278208.00', '38.00', NULL, '672.00', '201600.00', 37, '4.00', '2018-11-30 17:43:06', '2018-11-30 17:43:06'),
(15, '12', 1, 5, 3, '25.00', 300, NULL, '278208.00', '38.00', NULL, '672.00', '201600.00', 37, '4.00', '2018-11-30 17:48:37', '2018-11-30 17:48:37'),
(16, '181202P14', 1, 5, 2, '1.00', 12, NULL, '13250.40', '10.42', NULL, '1000.00', '12000.00', NULL, NULL, '2018-12-02 13:13:52', '2018-12-02 12:58:19'),
(17, '181202C15', 1, 5, 2, '2.00', 24, NULL, '27998.40', '16.66', NULL, '1000.00', '24000.00', NULL, NULL, '2018-12-02 13:17:00', '2018-12-02 13:17:00'),
(18, '181203C17', 1, 6, 1, '1.00', 12, '10000.00', '11500.00', '15.00', NULL, NULL, NULL, NULL, NULL, '2018-12-02 19:11:37', '2018-12-02 19:11:37'),
(19, '181203C19', 1, 6, 2, '2.00', 24, NULL, '55996.80', '16.66', NULL, '2000.00', '48000.00', NULL, NULL, '2018-12-02 19:21:42', '2018-12-02 19:21:42'),
(20, '181203C20', 1, 6, 3, '30.00', 360, NULL, '69552.00', '38.00', NULL, '140.00', '50400.00', 30, '1.00', '2018-12-02 19:25:04', '2018-12-02 19:25:04'),
(21, '181203C21', 1, 6, 4, '7.50', 90, '10000.00', '11200.00', '12.00', '200.00', NULL, NULL, NULL, NULL, '2018-12-02 19:27:50', '2018-12-02 19:27:50'),
(22, '181203C22', 1, 6, 1, '3.00', 36, '10000.00', '15000.00', '50.00', NULL, NULL, NULL, NULL, NULL, '2018-12-03 04:46:59', '2018-12-03 04:46:59'),
(23, '181015C23', 1, 6, 2, '2.00', 24, NULL, '41997.60', '16.66', NULL, '1500.00', '36000.00', NULL, NULL, '2018-12-03 04:55:09', '2018-12-03 04:55:09'),
(24, '141225C24', 1, 6, 3, '0.00', 0, NULL, '0.00', '38.00', NULL, '0.00', '0.00', 0, '2.00', '2018-12-03 05:07:26', '2018-12-03 05:07:26'),
(26, '151230C26', 1, 6, 3, '42.00', 504, NULL, '69552.00', '38.00', NULL, '100.00', '50400.00', 24, '1.00', '2018-12-03 05:28:21', '2018-12-03 05:28:21'),
(27, '181203C27', 1, 6, 3, '35.00', 420, NULL, '208656.00', '38.00', NULL, '360.00', '151200.00', 29, '3.00', '2018-12-03 00:00:00', '2018-12-03 00:00:00'),
(28, '181203C28', 1, 6, 1, '1.00', 12, '20000.00', '23000.00', '15.00', NULL, NULL, NULL, NULL, NULL, '2018-12-03 00:00:00', '2018-12-03 00:00:00'),
(29, '181203C29', 1, 6, 2, '2.00', 24, NULL, '15399.12', '16.66', NULL, '550.00', '13200.00', NULL, NULL, '2018-12-03 00:00:00', '2018-12-03 00:00:00'),
(30, '181203C30', 1, 6, 3, '30.00', 360, NULL, '278208.00', '38.00', NULL, '560.00', '201600.00', 33, '4.00', '2018-12-03 00:00:00', '2018-12-03 00:00:00'),
(31, '181203C31', 1, 6, 4, '11.50', 138, '12000.00', '14400.00', '20.00', '240.00', NULL, NULL, NULL, NULL, '2018-12-03 00:00:00', '2018-12-03 00:00:00'),
(32, '181204C34', 1, 6, 3, '35.00', 420, NULL, '347760.00', '38.00', NULL, '600.00', '252000.00', 29, '5.00', '2018-12-04 00:00:00', '2018-12-04 00:00:00'),
(33, '181204C35', 1, 6, 4, '7.50', 90, '50000.00', '56000.00', '12.00', '1000.00', NULL, NULL, NULL, NULL, '2018-12-04 00:00:00', '2018-12-04 00:00:00');

-- --------------------------------------------------------

--
-- Table structure for table `investmentPlans`
--

CREATE TABLE `investmentPlans` (
  `id` int(11) NOT NULL,
  `title` varchar(255) NOT NULL,
  `tableName` varchar(255) DEFAULT NULL
) ENGINE=InnoDB DEFAULT CHARSET=utf8;

--
-- Dumping data for table `investmentPlans`
--

INSERT INTO `investmentPlans` (`id`, `title`, `tableName`) VALUES
(1, 'Fixed Deposit (FD)', 'fdmaster'),
(2, 'RD - Investment', 'rdmaster'),
(3, 'Adhaarshila National Pension Severs (NPS)', 'npsmaster'),
(4, 'Monthly Investment Plan (MIP)', 'mismaster'),
(5, 'Loan Plan', 'loanmaster');

-- --------------------------------------------------------

--
-- Table structure for table `login`
--

CREATE TABLE `login` (
  `id` int(11) NOT NULL,
  `branchID` int(11) NOT NULL,
  `roleID` int(11) NOT NULL,
  `isAdmin` tinyint(1) NOT NULL COMMENT '0: not Admin, 1: Admin',
  `username` varchar(255) NOT NULL,
  `password` varchar(255) CHARACTER SET utf8mb4 NOT NULL,
  `modified` timestamp NOT NULL DEFAULT CURRENT_TIMESTAMP ON UPDATE CURRENT_TIMESTAMP,
  `created` timestamp NOT NULL DEFAULT CURRENT_TIMESTAMP
) ENGINE=InnoDB DEFAULT CHARSET=utf8;

--
-- Dumping data for table `login`
--

INSERT INTO `login` (`id`, `branchID`, `roleID`, `isAdmin`, `username`, `password`, `modified`, `created`) VALUES
(1, 1, 1, 1, 'info@jmd.co.in', '0a64a1a95546d7dbf71520b652e5558c', '2018-07-15 13:18:45', '2018-07-07 10:54:30'),
(3, 1, 1, 0, 'pushpendra88', 'c4919a160b7285102c5325588b3854ce684b0782', '2018-07-21 20:05:36', '2018-07-21 20:05:36'),
(4, 1, 1, 0, 'info@jmd.co.in', '7c4a8d09ca3762af61e59520943dc26494f8941b', '2018-09-10 18:52:43', '2018-09-10 18:52:43'),
(5, 1, 1, 0, '9616448916', '7c4a8d09ca3762af61e59520943dc26494f8941b', '2018-09-10 18:57:07', '2018-09-10 18:57:07'),
(6, 1, 1, 0, '9616448916', '7c4a8d09ca3762af61e59520943dc26494f8941b', '2018-09-10 18:59:27', '2018-09-10 18:59:27'),
(7, 1, 1, 0, '9616448916', '7c4a8d09ca3762af61e59520943dc26494f8941b', '2018-09-10 19:09:02', '2018-09-10 19:09:02'),
(8, 1, 1, 0, '9616448916', '7c4a8d09ca3762af61e59520943dc26494f8941b', '2018-09-11 11:08:43', '2018-09-11 11:08:43'),
(9, 1, 1, 0, '9616448916', '7c4a8d09ca3762af61e59520943dc26494f8941b', '2018-09-16 09:12:33', '2018-09-16 09:12:33'),
(10, 1, 1, 0, '9616448916', '7c4a8d09ca3762af61e59520943dc26494f8941b', '2018-09-16 09:12:58', '2018-09-16 09:12:58'),
(11, 1, 1, 0, 'admin', 'd033e22ae348aeb5660fc2140aec35850c4da997', '2018-09-16 09:47:50', '2018-09-16 09:47:50'),
(12, 4, 1, 0, '9616448916', '3f069c33b2b9790ab71bb7d73d2a267fff851e92', '2018-09-18 13:48:05', '2018-09-18 13:48:05'),
(13, 1, 1, 0, '9616448916', '7c4a8d09ca3762af61e59520943dc26494f8941b', '2018-09-18 13:52:36', '2018-09-18 13:52:36'),
(14, 4, 1, 0, '9616448916', '7c4a8d09ca3762af61e59520943dc26494f8941b', '2018-09-21 04:36:20', '2018-09-21 04:36:20'),
(15, 1, 1, 0, 'admin', 'd033e22ae348aeb5660fc2140aec35850c4da997', '2018-09-30 10:30:39', '2018-09-30 10:30:39'),
(16, 4, 1, 0, 'admin', 'd033e22ae348aeb5660fc2140aec35850c4da997', '2018-09-30 10:35:56', '2018-09-30 10:35:56'),
(17, 1, 1, 0, 'admin', 'd033e22ae348aeb5660fc2140aec35850c4da997', '2018-09-30 10:41:29', '2018-09-30 10:41:29'),
(18, 1, 1, 0, 'kaushal82', 'c4919a160b7285102c5325588b3854ce684b0782', '2018-09-30 11:16:42', '2018-09-30 11:16:42'),
(19, 4, 1, 0, '9616448916', '7c4a8d09ca3762af61e59520943dc26494f8941b', '2018-10-01 07:54:17', '2018-10-01 07:54:17'),
(20, 1, 1, 0, 'asdf', '7c4a8d09ca3762af61e59520943dc26494f8941b', '2018-10-01 08:14:29', '2018-10-01 08:14:29'),
(21, 1, 1, 0, 'kpushpendra81', 'c4919a160b7285102c5325588b3854ce684b0782', '2018-10-01 17:18:48', '2018-10-01 17:18:48'),
(22, 1, 1, 0, 'kpushpendra81', 'c4919a160b7285102c5325588b3854ce684b0782', '2018-10-01 17:20:50', '2018-10-01 17:20:50'),
(23, 1, 1, 0, 'santosh', '117a211f76f0aa5fbc9b7143b793fdbaf7088c03', '2018-10-02 16:44:47', '2018-10-02 16:44:47'),
(24, 4, 1, 0, '9616448916', '7c4a8d09ca3762af61e59520943dc26494f8941b', '2018-10-02 17:21:38', '2018-10-02 17:21:38'),
(25, 4, 1, 0, 'amit', '7c4a8d09ca3762af61e59520943dc26494f8941b', '2018-10-03 02:35:28', '2018-10-03 02:35:28'),
(26, 4, 1, 0, 'amit01', '7c4a8d09ca3762af61e59520943dc26494f8941b', '2018-10-03 02:40:25', '2018-10-03 02:40:25'),
(27, 4, 1, 0, 'amit01', '7c4a8d09ca3762af61e59520943dc26494f8941b', '2018-10-03 02:46:52', '2018-10-03 02:46:52'),
(28, 1, 1, 0, '20005', '7c4a8d09ca3762af61e59520943dc26494f8941b', '2018-11-30 06:03:38', '2018-11-30 06:03:38'),
(29, 1, 1, 0, '20005', '7c4a8d09ca3762af61e59520943dc26494f8941b', '2018-11-30 06:04:07', '2018-11-30 06:04:07'),
(30, 1, 1, 0, '20005', '7c4a8d09ca3762af61e59520943dc26494f8941b', '2018-11-30 06:08:47', '2018-11-30 06:08:47'),
(31, 1, 1, 0, '20005', '7c4a8d09ca3762af61e59520943dc26494f8941b', '2018-11-30 06:16:38', '2018-11-30 06:16:38'),
(32, 1, 1, 0, '20005', '7110eda4d09e062aa5e4a390b0a572ac0d2c0220', '2018-11-30 06:22:14', '2018-11-30 06:22:14'),
(33, 1, 1, 0, '20005', '7c4a8d09ca3762af61e59520943dc26494f8941b', '2018-11-30 06:23:28', '2018-11-30 06:23:28'),
(34, 1, 1, 0, '20005', '7c4a8d09ca3762af61e59520943dc26494f8941b', '2018-11-30 06:24:13', '2018-11-30 06:24:13'),
(35, 1, 1, 0, '20005', '8cb2237d0679ca88db6464eac60da96345513964', '2018-11-30 06:34:15', '2018-11-30 06:34:15'),
(36, 1, 1, 0, '20005', '8cb2237d0679ca88db6464eac60da96345513964', '2018-11-30 06:35:25', '2018-11-30 06:35:25'),
(37, 1, 1, 0, 'rahul', '7c4a8d09ca3762af61e59520943dc26494f8941b', '2018-11-30 16:19:15', '2018-11-30 16:19:15'),
(38, 1, 1, 0, 'rinki', '21ff0c98f5fd5754371c16c4cc6ac33571e2735c', '2018-11-30 17:29:59', '2018-11-30 17:29:59'),
(39, 1, 1, 0, 'rinki', '7c4a8d09ca3762af61e59520943dc26494f8941b', '2018-11-30 17:35:42', '2018-11-30 17:35:42'),
(40, 1, 1, 0, 'rinki', '7c4a8d09ca3762af61e59520943dc26494f8941b', '2018-11-30 17:36:25', '2018-11-30 17:36:25'),
(41, 1, 1, 0, 'rinki', '7c4a8d09ca3762af61e59520943dc26494f8941b', '2018-11-30 17:37:39', '2018-11-30 17:37:39'),
(42, 1, 1, 0, 'rinki', '7c4a8d09ca3762af61e59520943dc26494f8941b', '2018-11-30 17:42:58', '2018-11-30 17:42:58'),
(43, 1, 1, 0, 'rinki', '7c4a8d09ca3762af61e59520943dc26494f8941b', '2018-11-30 17:48:29', '2018-11-30 17:48:29'),
(44, 1, 1, 0, 'raj', '7c4a8d09ca3762af61e59520943dc26494f8941b', '2018-12-02 12:57:27', '2018-12-02 12:57:27'),
(45, 1, 1, 0, 'raj', '7c4a8d09ca3762af61e59520943dc26494f8941b', '2018-12-02 12:58:18', '2018-12-02 12:58:18'),
(46, 1, 1, 0, 'raj', '7c4a8d09ca3762af61e59520943dc26494f8941b', '2018-12-02 13:17:00', '2018-12-02 13:17:00'),
(47, 1, 1, 0, 'pankaj@jmd.co.in', 'd033e22ae348aeb5660fc2140aec35850c4da997', '2018-12-02 18:02:55', '2018-12-02 18:02:55'),
(48, 1, 1, 0, 'pankaj@jmd.co.in', 'd033e22ae348aeb5660fc2140aec35850c4da997', '2018-12-02 18:07:16', '2018-12-02 18:07:16'),
(49, 1, 1, 0, 'pankaj', 'd033e22ae348aeb5660fc2140aec35850c4da997', '2018-12-02 19:09:07', '2018-12-02 19:09:07'),
(50, 1, 1, 0, 'pankaj', 'd033e22ae348aeb5660fc2140aec35850c4da997', '2018-12-02 19:11:37', '2018-12-02 19:11:37'),
(51, 1, 1, 0, 'sant', '3f2b8ab4b05865df583abd193f245a008dc871cf', '2018-12-02 19:18:53', '2018-12-02 19:18:53'),
(52, 1, 1, 0, 'sant', '3f2b8ab4b05865df583abd193f245a008dc871cf', '2018-12-02 19:21:41', '2018-12-02 19:21:41'),
(53, 1, 1, 0, '123456', '7c4a8d09ca3762af61e59520943dc26494f8941b', '2018-12-02 19:25:04', '2018-12-02 19:25:04'),
(54, 1, 1, 0, '123', '7c4a8d09ca3762af61e59520943dc26494f8941b', '2018-12-02 19:27:50', '2018-12-02 19:27:50'),
(55, 1, 1, 0, 'PRIYANSHU', '7c4a8d09ca3762af61e59520943dc26494f8941b', '2018-12-03 04:46:59', '2018-12-03 04:46:59'),
(56, 1, 1, 0, 'AJAY SINGH ', '5dd4ebdac62609c834f7768f02286b798bd82a38', '2018-12-03 04:55:09', '2018-12-03 04:55:09'),
(57, 1, 1, 0, 'KAJAL SRIVASTVA ', '7dd979908502d9350ac7c655fa9d75508c949cdf', '2018-12-03 05:07:26', '2018-12-03 05:07:26'),
(58, 1, 1, 0, 'RIYA SINGH ', 'd54b76b2bad9d9946011ebc62a1d272f4122c7b5', '2018-12-03 05:15:26', '2018-12-03 05:15:26'),
(59, 1, 1, 0, 'RIYA SINGH ', 'd54b76b2bad9d9946011ebc62a1d272f4122c7b5', '2018-12-03 05:28:21', '2018-12-03 05:28:21'),
(60, 1, 1, 0, 'RIYA SINGH ', '276aa4b6dc0d7feb12e0bb7565881c2dc63e18df', '2018-12-03 05:40:31', '2018-12-03 05:40:31'),
(61, 1, 1, 0, 'MOHAN PAL ', 'f18f057ea44a945a083a00e6fcc11637d186042d', '2018-12-03 05:49:58', '2018-12-03 05:49:58'),
(62, 1, 1, 0, 'GAURAV SINGH ', 'fb4996f9d4eace4c8733fe7d6c966280c5e7b4f7', '2018-12-03 06:01:09', '2018-12-03 06:01:09'),
(63, 1, 1, 0, 'KOMAL PAL', 'e9f268e6911282197b71251e9b85cfd0e0bbf5bc', '2018-12-03 06:10:32', '2018-12-03 06:10:32'),
(64, 1, 1, 0, 'MAHESH ', 'bec831eb3e8720c394cd885fc7fc76187a41114c', '2018-12-03 06:16:41', '2018-12-03 06:16:41'),
(65, 1, 1, 0, '1234567890', '1134f1f635193a379b3b5ccdce69dd4da75456e9', '2018-12-03 17:47:29', '2018-12-03 17:47:29'),
(66, 1, 1, 0, '1234567890', '1134f1f635193a379b3b5ccdce69dd4da75456e9', '2018-12-03 17:51:38', '2018-12-03 17:51:38'),
(67, 1, 1, 0, '9616448916', '7c4a8d09ca3762af61e59520943dc26494f8941b', '2018-12-04 14:06:54', '2018-12-04 14:06:54'),
(68, 1, 1, 0, '9616448916', '873e1af4e73492140dae33d20dbb4d50c0a2d016', '2018-12-04 14:36:29', '2018-12-04 14:36:29'),
(69, 6, 1, 0, 'pradeep', '25d55ad283aa400af464c76d713c07ad', '2018-12-24 14:16:18', '2018-12-24 05:46:08'),
(70, 1, 1, 0, 'agent1', '7c4a8d09ca3762af61e59520943dc26494f8941b', '2018-12-24 18:41:05', '2018-12-24 18:41:05'),
(71, 1, 1, 0, 'agent1', '7c4a8d09ca3762af61e59520943dc26494f8941b', '2018-12-24 18:42:02', '2018-12-24 18:42:02'),
(72, 1, 1, 0, 'agent1', '7c4a8d09ca3762af61e59520943dc26494f8941b', '2018-12-24 18:42:32', '2018-12-24 18:42:32');

-- --------------------------------------------------------

--
-- Table structure for table `misDetail`
--

CREATE TABLE `misDetail` (
  `id` int(11) NOT NULL,
  `customerID` varchar(16) NOT NULL,
  `policyID` varchar(16) NOT NULL,
  `premiumAmount` decimal(10,2) NOT NULL,
  `balancePremium` decimal(10,2) NOT NULL,
  `paid` decimal(10,2) NOT NULL,
  `should_paid` timestamp NOT NULL DEFAULT CURRENT_TIMESTAMP,
  `depositorName` varchar(255) NOT NULL,
  `payMode` varchar(255) NOT NULL,
  `lateFee` decimal(10,2) NOT NULL,
  `remark` varchar(100) NOT NULL,
  `paid_date` timestamp NOT NULL DEFAULT '0000-00-00 00:00:00' ON UPDATE CURRENT_TIMESTAMP,
  `status` varchar(20) NOT NULL,
  `remaining_months` int(3) NOT NULL,
  `invoice_slip` varchar(15) NOT NULL
) ENGINE=InnoDB DEFAULT CHARSET=utf8;

--
-- Dumping data for table `misDetail`
--

INSERT INTO `misDetail` (`id`, `customerID`, `policyID`, `premiumAmount`, `balancePremium`, `paid`, `should_paid`, `depositorName`, `payMode`, `lateFee`, `remark`, `paid_date`, `status`, `remaining_months`, `invoice_slip`) VALUES
(1, '181203C31', '', '1200.00', '0.00', '0.00', '2019-01-02 00:00:00', 'Amrita Devi', 'cash', '0.00', 'Karmendra Sachdeva', '2018-12-19 00:00:00', 'Paid', 138, '3049'),
(2, '181203C31', '', '1200.00', '0.00', '0.00', '2019-02-01 00:00:00', 'Amrita Devi', 'cash', '0.00', 'Karmendra Sachdeva', '2018-12-19 00:00:00', 'Paid', 137, '3049'),
(3, '181203C31', '', '1200.00', '0.00', '0.00', '2019-03-03 00:00:00', 'Amrita Devi', 'cash', '0.00', 'Karmendra Sachdeva', '2018-12-19 00:00:00', 'Paid', 136, '3049'),
(4, '181203C31', '', '1200.00', '0.00', '0.00', '2019-04-02 00:00:00', 'Amrita Devi', 'cash', '0.00', 'Karmendra Sachdeva', '2018-12-19 00:00:00', 'Paid', 135, '3049'),
(5, '181203C31', '', '1200.00', '0.00', '0.00', '2019-05-02 00:00:00', 'Amrita Devi', 'cash', '0.00', 'Karmendra Sachdeva', '2018-12-19 00:00:00', 'Paid', 134, '3049'),
(6, '181203C31', '', '1200.00', '0.00', '0.00', '2019-06-01 00:00:00', 'Amrita Devi', 'cash', '0.00', 'Karmendra Sachdeva', '2018-12-19 00:00:00', 'Paid', 133, '3049'),
(7, '181203C31', '', '1200.00', '0.00', '0.00', '2019-07-01 00:00:00', 'Amrita Devi', 'cash', '0.00', 'Karmendra Sachdeva', '2018-12-19 00:00:00', 'Paid', 132, '3049'),
(8, '181203C31', '', '1200.00', '0.00', '0.00', '2019-07-31 00:00:00', 'Amrita Devi', 'cash', '0.00', 'Karmendra Sachdeva', '2018-12-19 00:00:00', 'Paid', 131, '3049'),
(9, '181203C31', '', '1200.00', '0.00', '0.00', '2019-08-30 00:00:00', 'Amrita Devi', 'cash', '0.00', 'Karmendra Sachdeva', '2018-12-19 00:00:00', 'Paid', 130, '3049'),
(10, '181203C31', '', '1200.00', '0.00', '0.00', '2019-09-29 00:00:00', 'Amrita Devi', 'cash', '0.00', 'Karmendra Sachdeva', '2018-12-19 00:00:00', 'Paid', 129, '3049'),
(11, '181203C31', '', '1200.00', '0.00', '0.00', '2019-10-29 00:00:00', 'Amrita Devi', 'cash', '0.00', 'Karmendra Sachdeva', '2018-12-19 00:00:00', 'Paid', 128, '3049'),
(12, '181203C31', '', '1200.00', '0.00', '0.00', '2019-11-28 00:00:00', 'Amrita Devi', 'cash', '0.00', 'Karmendra Sachdeva', '2018-12-19 00:00:00', 'Paid', 127, '3049'),
(13, '181203C31', '', '1200.00', '0.00', '0.00', '2019-12-28 00:00:00', 'Amrita Devi', 'cash', '0.00', 'Karmendra Sachdeva', '2018-12-19 00:00:00', 'Paid', 126, '3049'),
(14, '181203C31', '', '1200.00', '0.00', '0.00', '2020-01-27 00:00:00', 'Amrita Devi', 'cash', '0.00', 'Karmendra Sachdeva', '2018-12-19 00:00:00', 'Paid', 125, '3049'),
(15, '181203C31', '', '1200.00', '0.00', '0.00', '2020-02-26 00:00:00', 'Amrita Devi', 'cash', '0.00', 'Karmendra Sachdeva', '2018-12-19 00:00:00', 'Paid', 124, '3049'),
(16, '181203C31', '', '1200.00', '0.00', '0.00', '2020-03-27 00:00:00', 'Amrita Devi', 'cash', '0.00', 'Karmendra Sachdeva', '2018-12-19 00:00:00', 'Paid', 123, '3049'),
(17, '181203C31', '', '1200.00', '0.00', '0.00', '2020-04-26 00:00:00', 'Amrita Devi', 'cash', '0.00', 'Karmendra Sachdeva', '2018-12-19 00:00:00', 'Paid', 122, '3049'),
(18, '181203C31', '', '1200.00', '0.00', '0.00', '2020-05-26 00:00:00', 'Amrita Devi', 'cash', '0.00', 'Karmendra Sachdeva', '2018-12-19 00:00:00', 'Paid', 121, '3049'),
(19, '181203C31', '', '1200.00', '0.00', '0.00', '2020-06-25 00:00:00', 'Amrita Devi', 'cash', '0.00', 'Karmendra Sachdeva', '2018-12-19 00:00:00', 'Paid', 120, '3049'),
(20, '181203C31', '', '1200.00', '0.00', '0.00', '2020-07-25 00:00:00', 'Amrita Devi', 'cash', '0.00', 'Karmendra Sachdeva', '2018-12-19 00:00:00', 'Paid', 119, '3049'),
(21, '181203C31', '', '1200.00', '0.00', '0.00', '2020-08-24 00:00:00', 'Amrita Devi', 'cash', '0.00', 'Karmendra Sachdeva', '2018-12-19 00:00:00', 'Paid', 118, '3049'),
(22, '181203C31', '', '1200.00', '0.00', '0.00', '2020-09-23 00:00:00', 'Amrita Devi', 'cash', '0.00', 'Karmendra Sachdeva', '2018-12-19 00:00:00', 'Paid', 117, '3049'),
(23, '181203C31', '', '1200.00', '0.00', '0.00', '2020-10-23 00:00:00', 'Amrita Devi', 'cash', '0.00', 'Karmendra Sachdeva', '2018-12-19 00:00:00', 'Paid', 116, '3049'),
(24, '181203C31', '', '1200.00', '0.00', '0.00', '2020-11-22 00:00:00', 'Amrita Devi', 'cash', '0.00', 'Karmendra Sachdeva', '2018-12-19 00:00:00', 'Paid', 115, '3049'),
(25, '181203C31', '', '1200.00', '0.00', '0.00', '2020-12-22 00:00:00', 'Amrita Devi', 'cash', '0.00', 'Karmendra Sachdeva', '2018-12-19 00:00:00', 'Paid', 114, '3049'),
(26, '181203C31', '', '1200.00', '0.00', '0.00', '2021-01-21 00:00:00', 'Amrita Devi', 'cash', '0.00', 'Karmendra Sachdeva', '2018-12-19 00:00:00', 'Paid', 113, '3049'),
(27, '181203C31', '', '1200.00', '0.00', '0.00', '2021-02-20 00:00:00', 'Amrita Devi', 'cash', '0.00', 'Karmendra Sachdeva', '2018-12-19 00:00:00', 'Paid', 112, '3049'),
(28, '181203C31', '', '1200.00', '0.00', '0.00', '2021-03-22 00:00:00', 'Amrita Devi', 'cash', '0.00', 'Karmendra Sachdeva', '2018-12-19 00:00:00', 'Paid', 111, '3049'),
(29, '181203C31', '', '1200.00', '0.00', '0.00', '2021-04-21 00:00:00', 'Amrita Devi', 'cash', '0.00', 'Karmendra Sachdeva', '2018-12-19 00:00:00', 'Paid', 110, '3049'),
(30, '181203C31', '', '1200.00', '0.00', '0.00', '2021-05-21 00:00:00', 'Amrita Devi', 'cash', '0.00', 'Karmendra Sachdeva', '2018-12-19 00:00:00', 'Paid', 109, '3049'),
(31, '181203C31', '', '1200.00', '0.00', '0.00', '2021-06-20 00:00:00', 'Amrita Devi', 'cash', '0.00', 'Karmendra Sachdeva', '2018-12-19 00:00:00', 'Paid', 108, '3049'),
(32, '181203C31', '', '1200.00', '0.00', '0.00', '2021-07-20 00:00:00', 'Amrita Devi', 'cash', '0.00', 'Karmendra Sachdeva', '2018-12-19 00:00:00', 'Paid', 107, '3049'),
(33, '181203C31', '', '1200.00', '0.00', '0.00', '2021-08-19 00:00:00', 'Amrita Devi', 'cash', '0.00', 'Karmendra Sachdeva', '2018-12-19 00:00:00', 'Paid', 106, '3049'),
(34, '181203C31', '', '1200.00', '0.00', '0.00', '2021-09-18 00:00:00', 'Amrita Devi', 'cash', '0.00', 'Karmendra Sachdeva', '2018-12-19 00:00:00', 'Paid', 105, '3049'),
(35, '181203C31', '', '1200.00', '0.00', '0.00', '2021-10-18 00:00:00', 'Amrita Devi', 'cash', '0.00', 'Karmendra Sachdeva', '2018-12-19 00:00:00', 'Paid', 104, '3049'),
(36, '181203C31', '', '1200.00', '0.00', '0.00', '2021-11-17 00:00:00', 'Amrita Devi', 'cash', '0.00', 'Karmendra Sachdeva', '2018-12-19 00:00:00', 'Paid', 103, '3049'),
(37, '181203C31', '', '1200.00', '0.00', '0.00', '2021-12-17 00:00:00', 'Amrita Devi', 'cash', '0.00', 'Karmendra Sachdeva', '2018-12-19 00:00:00', 'Paid', 102, '3049'),
(38, '181203C31', '', '1200.00', '0.00', '0.00', '2022-01-16 00:00:00', 'Amrita Devi', 'cash', '0.00', 'Karmendra Sachdeva', '2018-12-19 00:00:00', 'Paid', 101, '3049'),
(39, '181203C31', '', '1200.00', '0.00', '0.00', '2022-02-15 00:00:00', 'Amrita Devi', 'cash', '0.00', 'Karmendra Sachdeva', '2018-12-19 00:00:00', 'Paid', 100, '3049'),
(40, '181203C31', '', '1200.00', '0.00', '0.00', '2022-03-17 00:00:00', 'Amrita Devi', 'cash', '0.00', 'Karmendra Sachdeva', '2018-12-19 00:00:00', 'Paid', 99, '3049'),
(41, '181203C31', '', '1200.00', '0.00', '0.00', '2022-04-16 00:00:00', 'Amrita Devi', 'cash', '0.00', 'Karmendra Sachdeva', '2018-12-19 00:00:00', 'Paid', 98, '3049'),
(42, '181203C31', '', '1200.00', '0.00', '0.00', '2022-05-16 00:00:00', 'Amrita Devi', 'cash', '0.00', 'Karmendra Sachdeva', '2018-12-19 00:00:00', 'Paid', 97, '3049'),
(43, '181203C31', '', '1200.00', '0.00', '0.00', '2022-06-15 00:00:00', 'Amrita Devi', 'cash', '0.00', 'Karmendra Sachdeva', '2018-12-19 00:00:00', 'Paid', 96, '3049'),
(44, '181203C31', '', '1200.00', '0.00', '0.00', '2022-07-15 00:00:00', 'Amrita Devi', 'cash', '0.00', 'Karmendra Sachdeva', '2018-12-19 00:00:00', 'Paid', 95, '3049'),
(45, '181203C31', '', '1200.00', '0.00', '0.00', '2022-08-14 00:00:00', 'Amrita Devi', 'cash', '0.00', 'Karmendra Sachdeva', '2018-12-19 00:00:00', 'Paid', 94, '3049'),
(46, '181203C31', '', '1200.00', '0.00', '0.00', '2022-09-13 00:00:00', 'Amrita Devi', 'cash', '0.00', 'Karmendra Sachdeva', '2018-12-19 00:00:00', 'Paid', 93, '3049'),
(47, '181203C31', '', '1200.00', '0.00', '0.00', '2022-10-13 00:00:00', 'Amrita Devi', 'cash', '0.00', 'Karmendra Sachdeva', '2018-12-19 00:00:00', 'Paid', 92, '3049'),
(48, '181203C31', '', '1200.00', '0.00', '0.00', '2022-11-12 00:00:00', 'Amrita Devi', 'cash', '0.00', 'Karmendra Sachdeva', '2018-12-19 00:00:00', 'Paid', 91, '3049'),
(49, '181203C31', '', '1200.00', '0.00', '0.00', '2022-12-12 00:00:00', 'Amrita Devi', 'cash', '0.00', 'Karmendra Sachdeva', '2018-12-19 00:00:00', 'Paid', 90, '3049'),
(50, '181203C31', '', '1200.00', '0.00', '0.00', '2023-01-11 00:00:00', 'Amrita Devi', 'cash', '0.00', 'Karmendra Sachdeva', '2018-12-19 00:00:00', 'Paid', 89, '3049'),
(51, '181203C31', '', '1200.00', '0.00', '0.00', '2023-02-10 00:00:00', 'Amrita Devi', 'cash', '0.00', 'Karmendra Sachdeva', '2018-12-19 00:00:00', 'Paid', 88, '3049'),
(52, '181203C31', '', '1200.00', '0.00', '0.00', '2023-03-12 00:00:00', 'Amrita Devi', 'cash', '0.00', 'Karmendra Sachdeva', '2018-12-19 00:00:00', 'Paid', 87, '3049'),
(53, '181203C31', '', '1200.00', '0.00', '0.00', '2023-04-11 00:00:00', 'Amrita Devi', 'cash', '0.00', 'Karmendra Sachdeva', '2018-12-19 00:00:00', 'Paid', 86, '3049'),
(54, '181203C31', '', '1200.00', '0.00', '0.00', '2023-05-11 00:00:00', 'Amrita Devi', 'cash', '0.00', 'Karmendra Sachdeva', '2018-12-19 00:00:00', 'Paid', 85, '3049'),
(55, '181203C31', '', '1200.00', '0.00', '0.00', '2023-06-10 00:00:00', 'Amrita Devi', 'cash', '0.00', 'Karmendra Sachdeva', '2018-12-19 00:00:00', 'Paid', 84, '3049'),
(56, '181203C31', '', '1200.00', '0.00', '0.00', '2023-07-10 00:00:00', 'Amrita Devi', 'cash', '0.00', 'Karmendra Sachdeva', '2018-12-19 00:00:00', 'Paid', 83, '3049'),
(57, '181203C31', '', '1200.00', '0.00', '0.00', '2023-08-09 00:00:00', 'Amrita Devi', 'cash', '0.00', 'Karmendra Sachdeva', '2018-12-19 00:00:00', 'Paid', 82, '3049'),
(58, '181203C31', '', '1200.00', '0.00', '0.00', '2023-09-08 00:00:00', 'Amrita Devi', 'cash', '0.00', 'Karmendra Sachdeva', '2018-12-19 00:00:00', 'Paid', 81, '3049'),
(59, '181203C31', '', '1200.00', '0.00', '0.00', '2023-10-08 00:00:00', 'Amrita Devi', 'cash', '0.00', 'Karmendra Sachdeva', '2018-12-19 00:00:00', 'Paid', 80, '3049'),
(60, '181203C31', '', '1200.00', '0.00', '0.00', '2023-11-07 00:00:00', 'Amrita Devi', 'cash', '0.00', 'Karmendra Sachdeva', '2018-12-19 00:00:00', 'Paid', 79, '3049'),
(61, '181203C31', '', '1200.00', '0.00', '0.00', '2023-12-07 00:00:00', 'Amrita Devi', 'cash', '0.00', 'Karmendra Sachdeva', '2018-12-19 00:00:00', 'Paid', 78, '3049'),
(62, '181203C31', '', '1200.00', '0.00', '0.00', '2024-01-06 00:00:00', 'Amrita Devi', 'cash', '0.00', 'Karmendra Sachdeva', '2018-12-19 00:00:00', 'Paid', 77, '3049'),
(63, '181203C31', '', '1200.00', '0.00', '0.00', '2024-02-05 00:00:00', 'Amrita Devi', 'cash', '0.00', 'Karmendra Sachdeva', '2018-12-19 00:00:00', 'Paid', 76, '3049'),
(64, '181203C31', '', '1200.00', '0.00', '0.00', '2024-03-06 00:00:00', 'Amrita Devi', 'cash', '0.00', 'Karmendra Sachdeva', '2018-12-19 00:00:00', 'Paid', 75, '3049'),
(65, '181203C31', '', '1200.00', '0.00', '0.00', '2024-04-05 00:00:00', 'Amrita Devi', 'cash', '0.00', 'Karmendra Sachdeva', '2018-12-19 00:00:00', 'Paid', 74, '3049'),
(66, '181203C31', '', '1200.00', '0.00', '0.00', '2024-05-05 00:00:00', 'Amrita Devi', 'cash', '0.00', 'Karmendra Sachdeva', '2018-12-19 00:00:00', 'Paid', 73, '3049'),
(67, '181203C31', '', '1200.00', '0.00', '0.00', '2024-06-04 00:00:00', 'Amrita Devi', 'cash', '0.00', 'Karmendra Sachdeva', '2018-12-19 00:00:00', 'Paid', 72, '3049'),
(68, '181203C31', '', '1200.00', '0.00', '0.00', '2024-07-04 00:00:00', 'Amrita Devi', 'cash', '0.00', 'Karmendra Sachdeva', '2018-12-19 00:00:00', 'Paid', 71, '3049'),
(69, '181203C31', '', '1200.00', '0.00', '0.00', '2024-08-03 00:00:00', 'Amrita Devi', 'cash', '0.00', 'Karmendra Sachdeva', '2018-12-19 00:00:00', 'Paid', 70, '3049'),
(70, '181204C35', '', '1200.00', '0.00', '0.00', '2019-01-03 00:00:00', 'Amrita Devi', 'cash', '0.00', 'Karmendra Sachdeva', '2018-12-19 00:00:00', 'Paid', 90, '3049'),
(71, '181204C35', '', '1200.00', '0.00', '0.00', '2019-02-02 00:00:00', 'Amrita Devi', 'cash', '0.00', 'Karmendra Sachdeva', '2018-12-19 00:00:00', 'Paid', 89, '3049'),
(72, '181204C35', '', '1200.00', '0.00', '0.00', '2019-03-04 00:00:00', 'Amrita Devi', 'cash', '0.00', 'Karmendra Sachdeva', '2018-12-19 00:00:00', 'Paid', 88, '3049'),
(73, '181204C35', '', '1200.00', '0.00', '0.00', '2019-04-03 00:00:00', 'Amrita Devi', 'cash', '0.00', 'Karmendra Sachdeva', '2018-12-19 00:00:00', 'Paid', 87, '3049'),
(74, '181204C35', '', '1200.00', '0.00', '0.00', '2019-05-03 00:00:00', 'Amrita Devi', 'cash', '0.00', 'Karmendra Sachdeva', '2018-12-19 00:00:00', 'Paid', 86, '3049'),
(75, '181204C35', '', '1200.00', '0.00', '0.00', '2019-06-02 00:00:00', 'Amrita Devi', 'cash', '0.00', 'Karmendra Sachdeva', '2018-12-19 00:00:00', 'Paid', 85, '3049'),
(76, '181204C35', '', '1200.00', '0.00', '0.00', '2019-07-02 00:00:00', 'Amrita Devi', 'cash', '0.00', 'Karmendra Sachdeva', '2018-12-19 00:00:00', 'Paid', 84, '3049'),
(77, '181204C35', '', '1200.00', '0.00', '0.00', '2019-08-01 00:00:00', 'Amrita Devi', 'cash', '0.00', 'Karmendra Sachdeva', '2018-12-19 00:00:00', 'Paid', 83, '3049'),
(78, '181204C35', '', '1200.00', '0.00', '0.00', '2019-08-31 00:00:00', 'Amrita Devi', 'cash', '0.00', 'Karmendra Sachdeva', '2018-12-19 00:00:00', 'Paid', 82, '3049'),
(79, '181204C35', '', '1200.00', '0.00', '0.00', '2019-09-30 00:00:00', 'Amrita Devi', 'cash', '0.00', 'Karmendra Sachdeva', '2018-12-19 00:00:00', 'Paid', 81, '3049'),
(80, '181204C35', '', '1200.00', '0.00', '0.00', '2019-10-30 00:00:00', 'Amrita Devi', 'cash', '0.00', 'Karmendra Sachdeva', '2018-12-19 00:00:00', 'Paid', 80, '3049'),
(81, '181204C35', '', '1200.00', '0.00', '0.00', '2019-11-29 00:00:00', 'Amrita Devi', 'cash', '0.00', 'Karmendra Sachdeva', '2018-12-19 00:00:00', 'Paid', 79, '3049'),
(82, '181204C35', '', '1200.00', '0.00', '0.00', '2019-12-29 00:00:00', 'Amrita Devi', 'cash', '0.00', 'Karmendra Sachdeva', '2018-12-19 00:00:00', 'Paid', 78, '3049'),
(83, '181204C35', '', '1200.00', '0.00', '0.00', '2020-01-28 00:00:00', 'Amrita Devi', 'cash', '0.00', 'Karmendra Sachdeva', '2018-12-19 00:00:00', 'Paid', 77, '3049'),
(84, '181204C35', '', '1200.00', '0.00', '0.00', '2020-02-27 00:00:00', 'Amrita Devi', 'cash', '0.00', 'Karmendra Sachdeva', '2018-12-19 00:00:00', 'Paid', 76, '3049'),
(85, '181204C35', '', '1200.00', '0.00', '0.00', '2020-03-28 00:00:00', 'Amrita Devi', 'cash', '0.00', 'Karmendra Sachdeva', '2018-12-19 00:00:00', 'Paid', 75, '3049'),
(86, '181204C35', '', '1200.00', '0.00', '0.00', '2020-04-27 00:00:00', 'Amrita Devi', 'cash', '0.00', 'Karmendra Sachdeva', '2018-12-19 00:00:00', 'Paid', 74, '3049'),
(87, '181204C35', '', '1200.00', '0.00', '0.00', '2020-05-27 00:00:00', 'Amrita Devi', 'cash', '0.00', 'Karmendra Sachdeva', '2018-12-19 00:00:00', 'Paid', 73, '3049'),
(88, '181204C35', '', '1200.00', '0.00', '0.00', '2020-06-26 00:00:00', 'Amrita Devi', 'cash', '0.00', 'Karmendra Sachdeva', '2018-12-19 00:00:00', 'Paid', 72, '3049'),
(89, '181204C35', '', '1200.00', '0.00', '0.00', '2020-07-26 00:00:00', 'Amrita Devi', 'cash', '0.00', 'Karmendra Sachdeva', '2018-12-19 00:00:00', 'Paid', 71, '3049'),
(90, '181204C35', '', '1200.00', '0.00', '0.00', '2020-08-25 00:00:00', 'Amrita Devi', 'cash', '0.00', 'Karmendra Sachdeva', '2018-12-19 00:00:00', 'Paid', 70, '3049'),
(91, '181204C35', '', '1200.00', '0.00', '0.00', '2020-09-24 00:00:00', 'Amrita Devi', 'cash', '0.00', 'Karmendra Sachdeva', '2018-12-19 00:00:00', 'Paid', 69, '3049'),
(92, '181204C35', '', '1200.00', '0.00', '0.00', '2020-10-24 00:00:00', 'Amrita Devi', 'cash', '0.00', 'Karmendra Sachdeva', '2018-12-19 00:00:00', 'Paid', 68, '3049'),
(93, '181204C35', '', '1200.00', '0.00', '0.00', '2020-11-23 00:00:00', 'Amrita Devi', 'cash', '0.00', 'Karmendra Sachdeva', '2018-12-19 00:00:00', 'Paid', 67, '3049'),
(94, '181204C35', '', '1200.00', '0.00', '0.00', '2020-12-23 00:00:00', 'Amrita Devi', 'cash', '0.00', 'Karmendra Sachdeva', '2018-12-19 00:00:00', 'Paid', 66, '3049'),
(95, '181204C35', '', '1200.00', '0.00', '0.00', '2021-01-22 00:00:00', 'Amrita Devi', 'cash', '0.00', 'Karmendra Sachdeva', '2018-12-19 00:00:00', 'Paid', 65, '3049'),
(96, '181204C35', '', '1200.00', '0.00', '0.00', '2021-02-21 00:00:00', 'Amrita Devi', 'cash', '0.00', 'Karmendra Sachdeva', '2018-12-19 00:00:00', 'Paid', 64, '3049'),
(97, '181204C35', '', '1200.00', '0.00', '0.00', '2021-03-23 00:00:00', 'Amrita Devi', 'cash', '0.00', 'Karmendra Sachdeva', '2018-12-19 00:00:00', 'Paid', 63, '3049'),
(98, '181204C35', '', '1200.00', '0.00', '0.00', '2021-04-22 00:00:00', 'Amrita Devi', 'cash', '0.00', 'Karmendra Sachdeva', '2018-12-19 00:00:00', 'Paid', 62, '3049'),
(99, '181204C35', '', '1200.00', '0.00', '0.00', '2021-05-22 00:00:00', 'Amrita Devi', 'cash', '0.00', 'Karmendra Sachdeva', '2018-12-19 00:00:00', 'Paid', 61, '3049'),
(100, '181204C35', '', '1200.00', '0.00', '0.00', '2021-06-21 00:00:00', 'Amrita Devi', 'cash', '0.00', 'Karmendra Sachdeva', '2018-12-19 00:00:00', 'Paid', 60, '3049'),
(101, '181204C35', '', '1200.00', '0.00', '0.00', '2021-07-21 00:00:00', 'Amrita Devi', 'cash', '0.00', 'Karmendra Sachdeva', '2018-12-19 00:00:00', 'Paid', 59, '3049'),
(102, '181204C35', '', '1200.00', '0.00', '0.00', '2021-08-20 00:00:00', 'Amrita Devi', 'cash', '0.00', 'Karmendra Sachdeva', '2018-12-19 00:00:00', 'Paid', 58, '3049'),
(103, '181204C35', '', '1200.00', '0.00', '0.00', '2021-09-19 00:00:00', 'Amrita Devi', 'cash', '0.00', 'Karmendra Sachdeva', '2018-12-19 00:00:00', 'Paid', 57, '3049'),
(104, '181204C35', '', '1200.00', '0.00', '0.00', '2021-10-19 00:00:00', 'Amrita Devi', 'cash', '0.00', 'Karmendra Sachdeva', '2018-12-19 00:00:00', 'Paid', 56, '3049'),
(105, '181204C35', '', '1200.00', '0.00', '0.00', '2021-11-18 00:00:00', 'Amrita Devi', 'cash', '0.00', 'Karmendra Sachdeva', '2018-12-19 00:00:00', 'Paid', 55, '3049'),
(106, '181204C35', '', '1200.00', '0.00', '0.00', '2021-12-18 00:00:00', 'Amrita Devi', 'cash', '0.00', 'Karmendra Sachdeva', '2018-12-19 00:00:00', 'Paid', 54, '3049'),
(107, '181204C35', '', '1200.00', '0.00', '0.00', '2022-01-17 00:00:00', 'Amrita Devi', 'cash', '0.00', 'Karmendra Sachdeva', '2018-12-19 00:00:00', 'Paid', 53, '3049'),
(108, '181204C35', '', '1200.00', '0.00', '0.00', '2022-02-16 00:00:00', 'Amrita Devi', 'cash', '0.00', 'Karmendra Sachdeva', '2018-12-19 00:00:00', 'Paid', 52, '3049'),
(109, '181204C35', '', '1200.00', '0.00', '0.00', '2022-03-18 00:00:00', 'Amrita Devi', 'cash', '0.00', 'Karmendra Sachdeva', '2018-12-19 00:00:00', 'Paid', 51, '3049'),
(110, '181204C35', '', '1200.00', '0.00', '0.00', '2022-04-17 00:00:00', 'Amrita Devi', 'cash', '0.00', 'Karmendra Sachdeva', '2018-12-19 00:00:00', 'Paid', 50, '3049'),
(111, '181204C35', '', '1200.00', '0.00', '0.00', '2022-05-17 00:00:00', 'Amrita Devi', 'cash', '0.00', 'Karmendra Sachdeva', '2018-12-19 00:00:00', 'Paid', 49, '3049'),
(112, '181204C35', '', '1200.00', '0.00', '0.00', '2022-06-16 00:00:00', 'Amrita Devi', 'cash', '0.00', 'Karmendra Sachdeva', '2018-12-19 00:00:00', 'Paid', 48, '3049'),
(113, '181204C35', '', '1200.00', '0.00', '0.00', '2022-07-16 00:00:00', 'Amrita Devi', 'cash', '0.00', 'Karmendra Sachdeva', '2018-12-19 00:00:00', 'Paid', 47, '3049'),
(114, '181204C35', '', '1200.00', '0.00', '0.00', '2022-08-15 00:00:00', 'Amrita Devi', 'cash', '0.00', 'Karmendra Sachdeva', '2018-12-19 00:00:00', 'Paid', 46, '3049');

-- --------------------------------------------------------

--
-- Table structure for table `mismaster`
--

CREATE TABLE `mismaster` (
  `id` int(11) NOT NULL,
  `monthInterest` decimal(10,2) NOT NULL COMMENT 'every month intrest given',
  `meturityInterest` decimal(10,2) NOT NULL COMMENT 'total interest',
  `duration` decimal(3,1) NOT NULL,
  `durationMonth` int(11) NOT NULL
) ENGINE=InnoDB DEFAULT CHARSET=utf8;

--
-- Dumping data for table `mismaster`
--

INSERT INTO `mismaster` (`id`, `monthInterest`, `meturityInterest`, `duration`, `durationMonth`) VALUES
(1, '2.00', '12.00', '7.5', 90),
(2, '3.00', '20.00', '11.5', 138),
(3, '4.00', '25.00', '16.0', 192);

-- --------------------------------------------------------

--
-- Table structure for table `npsDetail`
--

CREATE TABLE `npsDetail` (
  `id` int(11) NOT NULL,
  `customerID` varchar(18) NOT NULL,
  `policyID` varchar(15) NOT NULL,
  `premiumAmount` decimal(10,2) NOT NULL,
  `balancePremium` decimal(10,2) NOT NULL,
  `should_paid` timestamp NULL DEFAULT NULL,
  `paid_date` timestamp NOT NULL DEFAULT '0000-00-00 00:00:00',
  `depositorName` varchar(255) NOT NULL,
  `payMode` varchar(255) NOT NULL,
  `lateFee` decimal(10,2) NOT NULL,
  `remark` varchar(100) NOT NULL,
  `paid` decimal(10,2) NOT NULL,
  `status` varchar(10) NOT NULL,
  `invoice_slip` varchar(10) NOT NULL,
  `remaining_months` int(2) NOT NULL
) ENGINE=InnoDB DEFAULT CHARSET=utf8;

--
-- Dumping data for table `npsDetail`
--

INSERT INTO `npsDetail` (`id`, `customerID`, `policyID`, `premiumAmount`, `balancePremium`, `should_paid`, `paid_date`, `depositorName`, `payMode`, `lateFee`, `remark`, `paid`, `status`, `invoice_slip`, `remaining_months`) VALUES
(1, '151230C26', '', '1500.00', '0.00', '2015-12-30 00:00:00', '2018-12-12 00:00:00', '12', 'cash', '0.00', '12', '0.00', 'Paid', '2044', 504),
(2, '151230C26', '', '1500.00', '0.00', '2016-01-29 00:00:00', '2018-12-12 00:00:00', '12', 'cash', '0.00', '12', '0.00', 'Paid', '2044', 503),
(3, '151230C26', '', '1500.00', '0.00', '2016-02-28 00:00:00', '2018-12-12 00:00:00', '12', 'cash', '0.00', '12', '0.00', 'Paid', '2044', 502),
(4, '151230C26', '', '1500.00', '0.00', '2016-03-29 00:00:00', '2018-12-12 00:00:00', '12', 'cash', '0.00', '12', '0.00', 'Paid', '2044', 501),
(5, '151230C26', '', '1500.00', '0.00', '2016-04-28 00:00:00', '2018-12-12 00:00:00', '12', 'cash', '0.00', '12', '0.00', 'Paid', '2044', 500),
(6, '151230C26', '', '1500.00', '0.00', '2016-05-28 00:00:00', '2018-12-12 00:00:00', '12', 'cash', '0.00', '12', '0.00', 'Paid', '2044', 499),
(7, '151230C26', '', '1500.00', '0.00', '2016-06-27 00:00:00', '2018-12-12 00:00:00', '12', 'cash', '0.00', '12', '0.00', 'Paid', '2044', 498),
(8, '151230C26', '', '1500.00', '0.00', '2016-07-27 00:00:00', '2018-12-12 00:00:00', '12', 'cash', '0.00', '12', '0.00', 'Paid', '2044', 497),
(9, '151230C26', '', '1500.00', '0.00', '2016-08-26 00:00:00', '2018-12-12 00:00:00', '12', 'cash', '0.00', '12', '0.00', 'Paid', '2044', 496),
(10, '151230C26', '', '1500.00', '0.00', '2016-09-25 00:00:00', '2018-12-12 00:00:00', '12', 'cash', '0.00', '12', '0.00', 'Paid', '2044', 495),
(11, '151230C26', '', '1500.00', '0.00', '2016-10-25 00:00:00', '2018-12-12 00:00:00', '12', 'cash', '0.00', '12', '0.00', 'Paid', '2044', 494),
(12, '151230C26', '', '1500.00', '0.00', '2016-11-24 00:00:00', '2018-12-12 00:00:00', '12', 'cash', '0.00', '12', '0.00', 'Paid', '2044', 493),
(13, '181203C27', '', '1500.00', '0.00', '2018-12-03 00:00:00', '2018-12-12 00:00:00', '12', 'cash', '0.00', '12', '0.00', 'Paid', '2044', 420),
(14, '181203C27', '', '1500.00', '0.00', '2019-01-02 00:00:00', '2018-12-12 00:00:00', '12', 'cash', '0.00', '12', '0.00', 'Paid', '2044', 419),
(15, '181203C27', '', '1500.00', '0.00', '2019-02-01 00:00:00', '2018-12-12 00:00:00', '12', 'cash', '0.00', '12', '0.00', 'Paid', '2044', 418),
(16, '181203C27', '', '1500.00', '0.00', '2019-03-03 00:00:00', '2018-12-12 00:00:00', '12', 'cash', '0.00', '12', '0.00', 'Paid', '2044', 417),
(17, '181203C27', '', '1500.00', '0.00', '2019-04-02 00:00:00', '2018-12-12 00:00:00', '12', 'cash', '0.00', '12', '0.00', 'Paid', '2044', 416),
(18, '181203C27', '', '1500.00', '0.00', '2019-05-02 00:00:00', '2018-12-12 00:00:00', '12', 'cash', '0.00', '12', '0.00', 'Paid', '2044', 415),
(19, '181203C27', '', '1500.00', '0.00', '2019-06-01 00:00:00', '2018-12-12 00:00:00', '12', 'cash', '0.00', '12', '0.00', 'Paid', '2044', 414),
(20, '181203C27', '', '1500.00', '0.00', '2019-07-01 00:00:00', '2018-12-12 00:00:00', '12', 'cash', '0.00', '12', '0.00', 'Paid', '2044', 413),
(21, '181203C27', '', '1500.00', '0.00', '2019-07-31 00:00:00', '2018-12-12 00:00:00', '12', 'cash', '0.00', '12', '0.00', 'Paid', '2044', 412),
(22, '181203C27', '', '1500.00', '0.00', '2019-08-30 00:00:00', '2018-12-12 00:00:00', '12', 'cash', '0.00', '12', '0.00', 'Paid', '2044', 411),
(23, '181203C27', '', '1500.00', '0.00', '2019-09-29 00:00:00', '2018-12-12 00:00:00', '12', 'cash', '0.00', '12', '0.00', 'Paid', '2044', 410),
(24, '181203C27', '', '1500.00', '0.00', '2019-10-29 00:00:00', '2018-12-12 00:00:00', '12', 'cash', '0.00', '12', '0.00', 'Paid', '2044', 409),
(25, '181203C30', '', '1500.00', '0.00', '2018-12-03 00:00:00', '2018-12-12 00:00:00', '12', 'cash', '0.00', '12', '0.00', 'Paid', '2044', 360),
(26, '181203C30', '', '1500.00', '0.00', '2019-01-02 00:00:00', '2018-12-12 00:00:00', '12', 'cash', '0.00', '12', '0.00', 'Paid', '2044', 359),
(27, '181203C30', '', '1500.00', '0.00', '2019-02-01 00:00:00', '2018-12-12 00:00:00', '12', 'cash', '0.00', '12', '0.00', 'Paid', '2044', 358),
(28, '181203C30', '', '1500.00', '0.00', '2019-03-03 00:00:00', '2018-12-12 00:00:00', '12', 'cash', '0.00', '12', '0.00', 'Paid', '2044', 357),
(29, '181203C30', '', '1500.00', '0.00', '2019-04-02 00:00:00', '2018-12-12 00:00:00', '12', 'cash', '0.00', '12', '0.00', 'Paid', '2044', 356),
(30, '181203C30', '', '1500.00', '0.00', '2019-05-02 00:00:00', '2018-12-12 00:00:00', '12', 'cash', '0.00', '12', '0.00', 'Paid', '2044', 355),
(31, '181203C30', '', '1500.00', '0.00', '2019-06-01 00:00:00', '2018-12-12 00:00:00', '12', 'cash', '0.00', '12', '0.00', 'Paid', '2044', 354),
(32, '181203C30', '', '1500.00', '0.00', '2019-07-01 00:00:00', '2018-12-12 00:00:00', '12', 'cash', '0.00', '12', '0.00', 'Paid', '2044', 353),
(33, '181203C30', '', '1500.00', '0.00', '2019-07-31 00:00:00', '2018-12-12 00:00:00', '12', 'cash', '0.00', '12', '0.00', 'Paid', '2044', 352),
(34, '181203C30', '', '1500.00', '0.00', '2019-08-30 00:00:00', '2018-12-12 00:00:00', '12', 'cash', '0.00', '12', '0.00', 'Paid', '2044', 351),
(35, '181203C30', '', '1500.00', '0.00', '2019-09-29 00:00:00', '2018-12-12 00:00:00', '12', 'cash', '0.00', '12', '0.00', 'Paid', '2044', 350),
(36, '181203C30', '', '1500.00', '0.00', '2019-10-29 00:00:00', '2018-12-12 00:00:00', '12', 'cash', '0.00', '12', '0.00', 'Paid', '2044', 349),
(37, '181204C34', '', '600.00', '0.00', '2018-12-04 00:00:00', '2018-06-12 00:00:00', 'sonu', 'cash', '0.00', 'test', '0.00', 'Paid', '3047', 420),
(38, '181204C34', '', '600.00', '0.00', '2019-01-03 00:00:00', '2018-12-06 00:00:00', 'Karmendra Sachdeva	', 'cash', '0.00', '', '0.00', 'Paid', '3048', 419),
(39, '181204C34', '', '1200.00', '0.00', '2019-02-02 00:00:00', '2018-12-19 00:00:00', 'Amrita Devi', 'cash', '0.00', 'Karmendra Sachdeva', '0.00', 'Paid', '3049', 418),
(40, '181204C34', '', '600.00', '0.00', '2019-03-04 00:00:00', '0000-00-00 00:00:00', '', '', '0.00', '', '0.00', 'Pending', '', 417),
(41, '181204C34', '', '600.00', '0.00', '2019-04-03 00:00:00', '0000-00-00 00:00:00', '', '', '0.00', '', '0.00', 'Pending', '', 416),
(42, '181204C34', '', '600.00', '0.00', '2019-05-03 00:00:00', '0000-00-00 00:00:00', '', '', '0.00', '', '0.00', 'Pending', '', 415),
(43, '181204C34', '', '600.00', '0.00', '2019-06-02 00:00:00', '0000-00-00 00:00:00', '', '', '0.00', '', '0.00', 'Pending', '', 414),
(44, '181204C34', '', '600.00', '0.00', '2019-07-02 00:00:00', '0000-00-00 00:00:00', '', '', '0.00', '', '0.00', 'Pending', '', 413),
(45, '181204C34', '', '600.00', '0.00', '2019-08-01 00:00:00', '0000-00-00 00:00:00', '', '', '0.00', '', '0.00', 'Pending', '', 412),
(46, '181204C34', '', '600.00', '0.00', '2019-08-31 00:00:00', '0000-00-00 00:00:00', '', '', '0.00', '', '0.00', 'Pending', '', 411),
(47, '181204C34', '', '600.00', '0.00', '2019-09-30 00:00:00', '0000-00-00 00:00:00', '', '', '0.00', '', '0.00', 'Pending', '', 410),
(48, '181204C34', '', '600.00', '0.00', '2019-10-30 00:00:00', '0000-00-00 00:00:00', '', '', '0.00', '', '0.00', 'Pending', '', 409);

-- --------------------------------------------------------

--
-- Table structure for table `npsmaster`
--

CREATE TABLE `npsmaster` (
  `id` int(2) NOT NULL,
  `minAge` int(2) NOT NULL COMMENT 'minimum age allowed of investor for plan',
  `maxAge` int(2) NOT NULL COMMENT 'maximum age allowed of investor for plan',
  `deposite` decimal(10,2) NOT NULL COMMENT 'Amount deposit every month',
  `duration` int(2) NOT NULL COMMENT 'Age till plan valid',
  `rateIntrest` int(2) NOT NULL COMMENT 'intrest (%) will paid to investor',
  `final_intrast_rate` int(2) NOT NULL
) ENGINE=InnoDB DEFAULT CHARSET=latin1;

--
-- Dumping data for table `npsmaster`
--

INSERT INTO `npsmaster` (`id`, `minAge`, `maxAge`, `deposite`, `duration`, `rateIntrest`, `final_intrast_rate`) VALUES
(1, 18, 25, '100.00', 42, 38, 78),
(2, 25, 30, '120.00', 35, 38, 78),
(3, 30, 35, '140.00', 30, 38, 78),
(4, 35, 40, '168.00', 25, 38, 78),
(5, 40, 45, '210.00', 20, 38, 78),
(6, 45, 50, '420.00', 10, 38, 78);

-- --------------------------------------------------------

--
-- Table structure for table `policy`
--

CREATE TABLE `policy` (
  `id` int(11) NOT NULL,
  `investmentPlanID` int(11) NOT NULL,
  `customerID` int(11) NOT NULL,
  `principleAmount` decimal(12,2) NOT NULL,
  `meturityAmount` decimal(12,2) NOT NULL,
  `updated` timestamp NOT NULL DEFAULT CURRENT_TIMESTAMP ON UPDATE CURRENT_TIMESTAMP,
  `created` timestamp NOT NULL DEFAULT CURRENT_TIMESTAMP
) ENGINE=InnoDB DEFAULT CHARSET=utf8;

-- --------------------------------------------------------

--
-- Table structure for table `rank`
--

CREATE TABLE `rank` (
  `id` int(2) NOT NULL,
  `promotionAmt` decimal(10,2) NOT NULL
) ENGINE=InnoDB DEFAULT CHARSET=latin1;

--
-- Dumping data for table `rank`
--

INSERT INTO `rank` (`id`, `promotionAmt`) VALUES
(1, '5000.00'),
(2, '10000.00'),
(3, '15000.00'),
(4, '20000.00'),
(5, '25000.00'),
(6, '30000.00'),
(7, '35000.00'),
(8, '45000.00'),
(9, '50000.00'),
(10, '60000.00'),
(11, '100000.00'),
(12, '200000.00'),
(13, '500000.00'),
(14, '800000.00'),
(15, '1500000.00'),
(16, '2000000.00'),
(17, '3000000.00');

-- --------------------------------------------------------

--
-- Table structure for table `rdDetail`
--

CREATE TABLE `rdDetail` (
  `id` int(11) NOT NULL,
  `customerID` varchar(20) NOT NULL,
  `policyID` varchar(15) NOT NULL,
  `premiumAmount` decimal(10,2) NOT NULL,
  `balancePremium` decimal(10,2) NOT NULL,
  `depositorName` varchar(255) NOT NULL,
  `paid` decimal(10,2) NOT NULL,
  `should_paid` date NOT NULL,
  `payMode` varchar(255) NOT NULL,
  `paid_date` datetime NOT NULL,
  `lateFee` decimal(10,2) NOT NULL,
  `remark` varchar(100) NOT NULL,
  `remaining_months` int(3) NOT NULL,
  `invoice_slip` varchar(20) NOT NULL,
  `status` varchar(12) NOT NULL
) ENGINE=InnoDB DEFAULT CHARSET=utf8;

--
-- Dumping data for table `rdDetail`
--

INSERT INTO `rdDetail` (`id`, `customerID`, `policyID`, `premiumAmount`, `balancePremium`, `depositorName`, `paid`, `should_paid`, `payMode`, `paid_date`, `lateFee`, `remark`, `remaining_months`, `invoice_slip`, `status`) VALUES
(1, '181015C23', '', '1200.00', '0.00', 'Amrita Devi', '0.00', '2018-10-15', 'cash', '2018-12-19 00:00:00', '0.00', 'Karmendra Sachdeva', 24, '3049', 'Paid'),
(2, '181015C23', '', '1200.00', '0.00', 'Amrita Devi', '0.00', '2018-11-14', 'cash', '2018-12-19 00:00:00', '0.00', 'Karmendra Sachdeva', 23, '3049', 'Paid'),
(3, '181015C23', '', '1200.00', '0.00', 'Amrita Devi', '0.00', '2018-12-14', 'cash', '2018-12-19 00:00:00', '0.00', 'Karmendra Sachdeva', 22, '3049', 'Paid'),
(4, '181015C23', '', '1200.00', '0.00', 'Amrita Devi', '0.00', '2019-01-13', 'cash', '2018-12-19 00:00:00', '0.00', 'Karmendra Sachdeva', 21, '3049', 'Paid'),
(5, '181015C23', '', '1200.00', '0.00', 'Amrita Devi', '0.00', '2019-02-12', 'cash', '2018-12-19 00:00:00', '0.00', 'Karmendra Sachdeva', 20, '3049', 'Paid'),
(6, '181015C23', '', '1200.00', '0.00', 'Amrita Devi', '0.00', '2019-03-14', 'cash', '2018-12-19 00:00:00', '0.00', 'Karmendra Sachdeva', 19, '3049', 'Paid'),
(7, '181015C23', '', '1200.00', '0.00', 'Amrita Devi', '0.00', '2019-04-13', 'cash', '2018-12-19 00:00:00', '0.00', 'Karmendra Sachdeva', 18, '3049', 'Paid'),
(8, '181015C23', '', '1200.00', '0.00', 'Amrita Devi', '0.00', '2019-05-13', 'cash', '2018-12-19 00:00:00', '0.00', 'Karmendra Sachdeva', 17, '3049', 'Paid'),
(9, '181015C23', '', '1200.00', '0.00', 'Amrita Devi', '0.00', '2019-06-12', 'cash', '2018-12-19 00:00:00', '0.00', 'Karmendra Sachdeva', 16, '3049', 'Paid'),
(10, '181015C23', '', '1200.00', '0.00', 'Amrita Devi', '0.00', '2019-07-12', 'cash', '2018-12-19 00:00:00', '0.00', 'Karmendra Sachdeva', 15, '3049', 'Paid'),
(11, '181015C23', '', '1200.00', '0.00', 'Amrita Devi', '0.00', '2019-08-11', 'cash', '2018-12-19 00:00:00', '0.00', 'Karmendra Sachdeva', 14, '3049', 'Paid'),
(12, '181015C23', '', '1200.00', '0.00', 'Amrita Devi', '0.00', '2019-09-10', 'cash', '2018-12-19 00:00:00', '0.00', 'Karmendra Sachdeva', 13, '3049', 'Paid'),
(13, '181203C29', '', '1200.00', '0.00', 'Amrita Devi', '0.00', '2018-12-03', 'cash', '2018-12-19 00:00:00', '0.00', 'Karmendra Sachdeva', 24, '3049', 'Paid'),
(14, '181203C29', '', '1200.00', '0.00', 'Amrita Devi', '0.00', '2019-01-02', 'cash', '2018-12-19 00:00:00', '0.00', 'Karmendra Sachdeva', 23, '3049', 'Paid'),
(15, '181203C29', '', '1200.00', '0.00', 'Amrita Devi', '0.00', '2019-02-01', 'cash', '2018-12-19 00:00:00', '0.00', 'Karmendra Sachdeva', 22, '3049', 'Paid'),
(16, '181203C29', '', '1200.00', '0.00', 'Amrita Devi', '0.00', '2019-03-03', 'cash', '2018-12-19 00:00:00', '0.00', 'Karmendra Sachdeva', 21, '3049', 'Paid'),
(17, '181203C29', '', '1200.00', '0.00', 'Amrita Devi', '0.00', '2019-04-02', 'cash', '2018-12-19 00:00:00', '0.00', 'Karmendra Sachdeva', 20, '3049', 'Paid'),
(18, '181203C29', '', '1200.00', '0.00', 'Amrita Devi', '0.00', '2019-05-02', 'cash', '2018-12-19 00:00:00', '0.00', 'Karmendra Sachdeva', 19, '3049', 'Paid'),
(19, '181203C29', '', '1200.00', '0.00', 'Amrita Devi', '0.00', '2019-06-01', 'cash', '2018-12-19 00:00:00', '0.00', 'Karmendra Sachdeva', 18, '3049', 'Paid'),
(20, '181203C29', '', '1200.00', '0.00', 'Amrita Devi', '0.00', '2019-07-01', 'cash', '2018-12-19 00:00:00', '0.00', 'Karmendra Sachdeva', 17, '3049', 'Paid'),
(21, '181203C29', '', '1200.00', '0.00', 'Amrita Devi', '0.00', '2019-07-31', 'cash', '2018-12-19 00:00:00', '0.00', 'Karmendra Sachdeva', 16, '3049', 'Paid'),
(22, '181203C29', '', '1200.00', '0.00', 'Amrita Devi', '0.00', '2019-08-30', 'cash', '2018-12-19 00:00:00', '0.00', 'Karmendra Sachdeva', 15, '3049', 'Paid'),
(23, '181203C29', '', '1200.00', '0.00', 'Amrita Devi', '0.00', '2019-09-29', 'cash', '2018-12-19 00:00:00', '0.00', 'Karmendra Sachdeva', 14, '3049', 'Paid'),
(24, '181203C29', '', '1200.00', '0.00', 'Amrita Devi', '0.00', '2019-10-29', 'cash', '2018-12-19 00:00:00', '0.00', 'Karmendra Sachdeva', 13, '3049', 'Paid'),
(25, '181015C23', '', '1200.00', '0.00', 'Amrita Devi', '0.00', '2019-10-10', 'cash', '2018-12-19 00:00:00', '0.00', 'Karmendra Sachdeva', 13, '3049', 'Paid'),
(26, '181015C23', '', '1200.00', '0.00', 'Amrita Devi', '0.00', '2019-11-09', 'cash', '2018-12-19 00:00:00', '0.00', 'Karmendra Sachdeva', 12, '3049', 'Paid'),
(27, '181015C23', '', '1200.00', '0.00', 'Amrita Devi', '0.00', '2019-12-09', 'cash', '2018-12-19 00:00:00', '0.00', 'Karmendra Sachdeva', 11, '3049', 'Paid'),
(28, '181015C23', '', '1200.00', '0.00', 'Amrita Devi', '0.00', '2020-01-08', 'cash', '2018-12-19 00:00:00', '0.00', 'Karmendra Sachdeva', 10, '3049', 'Paid'),
(29, '181015C23', '', '1200.00', '0.00', 'Amrita Devi', '0.00', '2020-02-07', 'cash', '2018-12-19 00:00:00', '0.00', 'Karmendra Sachdeva', 9, '3049', 'Paid'),
(30, '181015C23', '', '1200.00', '0.00', 'Amrita Devi', '0.00', '2020-03-08', 'cash', '2018-12-19 00:00:00', '0.00', 'Karmendra Sachdeva', 8, '3049', 'Paid'),
(31, '181015C23', '', '1200.00', '0.00', 'Amrita Devi', '0.00', '2020-04-07', 'cash', '2018-12-19 00:00:00', '0.00', 'Karmendra Sachdeva', 7, '3049', 'Paid'),
(32, '181015C23', '', '1200.00', '0.00', 'Amrita Devi', '0.00', '2020-05-07', 'cash', '2018-12-19 00:00:00', '0.00', 'Karmendra Sachdeva', 6, '3049', 'Paid'),
(33, '181015C23', '', '1200.00', '0.00', 'Amrita Devi', '0.00', '2020-06-06', 'cash', '2018-12-19 00:00:00', '0.00', 'Karmendra Sachdeva', 5, '3049', 'Paid'),
(34, '181015C23', '', '1200.00', '0.00', 'Amrita Devi', '0.00', '2020-07-06', 'cash', '2018-12-19 00:00:00', '0.00', 'Karmendra Sachdeva', 4, '3049', 'Paid'),
(35, '181015C23', '', '1200.00', '0.00', 'Amrita Devi', '0.00', '2020-08-05', 'cash', '2018-12-19 00:00:00', '0.00', 'Karmendra Sachdeva', 3, '3049', 'Paid'),
(36, '181015C23', '', '1200.00', '0.00', 'Amrita Devi', '0.00', '2020-09-04', 'cash', '2018-12-19 00:00:00', '0.00', 'Karmendra Sachdeva', 2, '3049', 'Paid');

-- --------------------------------------------------------

--
-- Table structure for table `rdmaster`
--

CREATE TABLE `rdmaster` (
  `id` int(2) NOT NULL,
  `duration` decimal(10,2) NOT NULL,
  `intrastRate` decimal(10,2) NOT NULL
) ENGINE=InnoDB DEFAULT CHARSET=latin1;

--
-- Dumping data for table `rdmaster`
--

INSERT INTO `rdmaster` (`id`, `duration`, `intrastRate`) VALUES
(1, '1.00', '10.42'),
(2, '2.00', '16.66'),
(3, '3.00', '25.00'),
(4, '4.00', '41.68'),
(5, '5.00', '58.33');

-- --------------------------------------------------------

--
-- Table structure for table `role`
--

CREATE TABLE `role` (
  `id` int(11) NOT NULL,
  `branchID` int(11) NOT NULL,
  `title` varchar(255) DEFAULT NULL
) ENGINE=InnoDB DEFAULT CHARSET=utf8;

--
-- Dumping data for table `role`
--

INSERT INTO `role` (`id`, `branchID`, `title`) VALUES
(1, 1, 'Admin'),
(2, 1, 'Field Manager'),
(3, 6, 'Rasara Ballia');

--
-- Indexes for dumped tables
--

--
-- Indexes for table `access`
--
ALTER TABLE `access`
  ADD PRIMARY KEY (`id`),
  ADD KEY `roleID` (`roleID`);

--
-- Indexes for table `agent`
--
ALTER TABLE `agent`
  ADD PRIMARY KEY (`id`),
  ADD KEY `branchID` (`branchID`),
  ADD KEY `loginID` (`loginID`);

--
-- Indexes for table `branch`
--
ALTER TABLE `branch`
  ADD PRIMARY KEY (`id`),
  ADD KEY `fsdID` (`fsdID`);

--
-- Indexes for table `ci_sessions`
--
ALTER TABLE `ci_sessions`
  ADD KEY `ci_sessions_timestamp` (`timestamp`);

--
-- Indexes for table `committee`
--
ALTER TABLE `committee`
  ADD PRIMARY KEY (`id`),
  ADD KEY `branchID` (`branchID`),
  ADD KEY `employeeID` (`employeeID`);

--
-- Indexes for table `customer`
--
ALTER TABLE `customer`
  ADD PRIMARY KEY (`id`),
  ADD KEY `loginID` (`loginID`),
  ADD KEY `branchID` (`branchID`),
  ADD KEY `committeeID` (`committeeID`);

--
-- Indexes for table `daybook`
--
ALTER TABLE `daybook`
  ADD PRIMARY KEY (`id`);

--
-- Indexes for table `employee`
--
ALTER TABLE `employee`
  ADD PRIMARY KEY (`id`),
  ADD KEY `branchID` (`branchID`),
  ADD KEY `loginID` (`loginID`);

--
-- Indexes for table `fdDetail`
--
ALTER TABLE `fdDetail`
  ADD PRIMARY KEY (`id`);

--
-- Indexes for table `fdmaster`
--
ALTER TABLE `fdmaster`
  ADD PRIMARY KEY (`id`);

--
-- Indexes for table `financialyear`
--
ALTER TABLE `financialyear`
  ADD PRIMARY KEY (`id`);

--
-- Indexes for table `investmentDetail`
--
ALTER TABLE `investmentDetail`
  ADD PRIMARY KEY (`id`);

--
-- Indexes for table `investmentPlans`
--
ALTER TABLE `investmentPlans`
  ADD PRIMARY KEY (`id`);

--
-- Indexes for table `login`
--
ALTER TABLE `login`
  ADD PRIMARY KEY (`id`),
  ADD KEY `username` (`username`),
  ADD KEY `branchID` (`branchID`),
  ADD KEY `roleID` (`roleID`);

--
-- Indexes for table `misDetail`
--
ALTER TABLE `misDetail`
  ADD PRIMARY KEY (`id`);

--
-- Indexes for table `mismaster`
--
ALTER TABLE `mismaster`
  ADD PRIMARY KEY (`id`);

--
-- Indexes for table `npsDetail`
--
ALTER TABLE `npsDetail`
  ADD PRIMARY KEY (`id`);

--
-- Indexes for table `npsmaster`
--
ALTER TABLE `npsmaster`
  ADD PRIMARY KEY (`id`);

--
-- Indexes for table `policy`
--
ALTER TABLE `policy`
  ADD PRIMARY KEY (`id`),
  ADD KEY `customerID` (`customerID`),
  ADD KEY `investmentPlanID` (`investmentPlanID`);

--
-- Indexes for table `rank`
--
ALTER TABLE `rank`
  ADD PRIMARY KEY (`id`);

--
-- Indexes for table `rdDetail`
--
ALTER TABLE `rdDetail`
  ADD PRIMARY KEY (`id`);

--
-- Indexes for table `rdmaster`
--
ALTER TABLE `rdmaster`
  ADD PRIMARY KEY (`id`);

--
-- Indexes for table `role`
--
ALTER TABLE `role`
  ADD PRIMARY KEY (`id`),
  ADD KEY `branchID` (`branchID`);

--
-- AUTO_INCREMENT for dumped tables
--

--
-- AUTO_INCREMENT for table `access`
--
ALTER TABLE `access`
  MODIFY `id` int(11) NOT NULL AUTO_INCREMENT;

--
-- AUTO_INCREMENT for table `agent`
--
ALTER TABLE `agent`
  MODIFY `id` int(11) NOT NULL AUTO_INCREMENT, AUTO_INCREMENT=4;

--
-- AUTO_INCREMENT for table `branch`
--
ALTER TABLE `branch`
  MODIFY `id` int(11) NOT NULL AUTO_INCREMENT, AUTO_INCREMENT=7;

--
-- AUTO_INCREMENT for table `committee`
--
ALTER TABLE `committee`
  MODIFY `id` int(11) NOT NULL AUTO_INCREMENT, AUTO_INCREMENT=8;

--
-- AUTO_INCREMENT for table `customer`
--
ALTER TABLE `customer`
  MODIFY `id` int(11) NOT NULL AUTO_INCREMENT, AUTO_INCREMENT=36;

--
-- AUTO_INCREMENT for table `daybook`
--
ALTER TABLE `daybook`
  MODIFY `id` int(11) NOT NULL AUTO_INCREMENT, AUTO_INCREMENT=51;

--
-- AUTO_INCREMENT for table `employee`
--
ALTER TABLE `employee`
  MODIFY `id` int(11) NOT NULL AUTO_INCREMENT, AUTO_INCREMENT=20;

--
-- AUTO_INCREMENT for table `fdDetail`
--
ALTER TABLE `fdDetail`
  MODIFY `id` int(11) NOT NULL AUTO_INCREMENT, AUTO_INCREMENT=3;

--
-- AUTO_INCREMENT for table `fdmaster`
--
ALTER TABLE `fdmaster`
  MODIFY `id` int(11) NOT NULL AUTO_INCREMENT, AUTO_INCREMENT=7;

--
-- AUTO_INCREMENT for table `financialyear`
--
ALTER TABLE `financialyear`
  MODIFY `id` int(11) NOT NULL AUTO_INCREMENT, AUTO_INCREMENT=2;

--
-- AUTO_INCREMENT for table `investmentDetail`
--
ALTER TABLE `investmentDetail`
  MODIFY `id` int(11) NOT NULL AUTO_INCREMENT, AUTO_INCREMENT=34;

--
-- AUTO_INCREMENT for table `investmentPlans`
--
ALTER TABLE `investmentPlans`
  MODIFY `id` int(11) NOT NULL AUTO_INCREMENT, AUTO_INCREMENT=6;

--
-- AUTO_INCREMENT for table `login`
--
ALTER TABLE `login`
  MODIFY `id` int(11) NOT NULL AUTO_INCREMENT, AUTO_INCREMENT=73;

--
-- AUTO_INCREMENT for table `misDetail`
--
ALTER TABLE `misDetail`
  MODIFY `id` int(11) NOT NULL AUTO_INCREMENT, AUTO_INCREMENT=115;

--
-- AUTO_INCREMENT for table `mismaster`
--
ALTER TABLE `mismaster`
  MODIFY `id` int(11) NOT NULL AUTO_INCREMENT, AUTO_INCREMENT=4;

--
-- AUTO_INCREMENT for table `npsDetail`
--
ALTER TABLE `npsDetail`
  MODIFY `id` int(11) NOT NULL AUTO_INCREMENT, AUTO_INCREMENT=49;

--
-- AUTO_INCREMENT for table `npsmaster`
--
ALTER TABLE `npsmaster`
  MODIFY `id` int(2) NOT NULL AUTO_INCREMENT, AUTO_INCREMENT=7;

--
-- AUTO_INCREMENT for table `policy`
--
ALTER TABLE `policy`
  MODIFY `id` int(11) NOT NULL AUTO_INCREMENT;

--
-- AUTO_INCREMENT for table `rank`
--
ALTER TABLE `rank`
  MODIFY `id` int(2) NOT NULL AUTO_INCREMENT, AUTO_INCREMENT=18;

--
-- AUTO_INCREMENT for table `rdDetail`
--
ALTER TABLE `rdDetail`
  MODIFY `id` int(11) NOT NULL AUTO_INCREMENT, AUTO_INCREMENT=37;

--
-- AUTO_INCREMENT for table `rdmaster`
--
ALTER TABLE `rdmaster`
  MODIFY `id` int(2) NOT NULL AUTO_INCREMENT, AUTO_INCREMENT=6;

--
-- AUTO_INCREMENT for table `role`
--
ALTER TABLE `role`
  MODIFY `id` int(11) NOT NULL AUTO_INCREMENT, AUTO_INCREMENT=4;

--
-- Constraints for dumped tables
--

--
-- Constraints for table `access`
--
ALTER TABLE `access`
  ADD CONSTRAINT `access_ibfk_1` FOREIGN KEY (`roleID`) REFERENCES `role` (`id`) ON DELETE CASCADE ON UPDATE CASCADE;

--
-- Constraints for table `committee`
--
ALTER TABLE `committee`
  ADD CONSTRAINT `committee_ibfk_1` FOREIGN KEY (`branchID`) REFERENCES `branch` (`id`) ON DELETE CASCADE ON UPDATE CASCADE,
  ADD CONSTRAINT `committee_ibfk_2` FOREIGN KEY (`employeeID`) REFERENCES `employee` (`id`) ON DELETE CASCADE ON UPDATE CASCADE;

--
-- Constraints for table `customer`
--
ALTER TABLE `customer`
  ADD CONSTRAINT `customer_ibfk_1` FOREIGN KEY (`loginID`) REFERENCES `login` (`id`) ON DELETE CASCADE ON UPDATE CASCADE,
  ADD CONSTRAINT `customer_ibfk_2` FOREIGN KEY (`branchID`) REFERENCES `branch` (`id`) ON DELETE CASCADE ON UPDATE CASCADE,
  ADD CONSTRAINT `customer_ibfk_3` FOREIGN KEY (`committeeID`) REFERENCES `committee` (`id`) ON DELETE CASCADE ON UPDATE CASCADE;

--
-- Constraints for table `employee`
--
ALTER TABLE `employee`
  ADD CONSTRAINT `employee_ibfk_1` FOREIGN KEY (`loginID`) REFERENCES `login` (`id`) ON DELETE CASCADE ON UPDATE CASCADE,
  ADD CONSTRAINT `employee_ibfk_2` FOREIGN KEY (`branchID`) REFERENCES `branch` (`id`) ON DELETE CASCADE ON UPDATE CASCADE;

--
-- Constraints for table `login`
--
ALTER TABLE `login`
  ADD CONSTRAINT `login_ibfk_1` FOREIGN KEY (`branchID`) REFERENCES `branch` (`id`) ON DELETE CASCADE ON UPDATE CASCADE,
  ADD CONSTRAINT `login_ibfk_2` FOREIGN KEY (`roleID`) REFERENCES `role` (`id`) ON DELETE CASCADE ON UPDATE CASCADE;

--
-- Constraints for table `policy`
--
ALTER TABLE `policy`
  ADD CONSTRAINT `policy_ibfk_1` FOREIGN KEY (`investmentPlanID`) REFERENCES `investmentPlans` (`id`) ON DELETE CASCADE ON UPDATE CASCADE;

--
-- Constraints for table `role`
--
ALTER TABLE `role`
  ADD CONSTRAINT `role_ibfk_1` FOREIGN KEY (`branchID`) REFERENCES `branch` (`id`) ON DELETE CASCADE ON UPDATE CASCADE;
COMMIT;

/*!40101 SET CHARACTER_SET_CLIENT=@OLD_CHARACTER_SET_CLIENT */;
/*!40101 SET CHARACTER_SET_RESULTS=@OLD_CHARACTER_SET_RESULTS */;
/*!40101 SET COLLATION_CONNECTION=@OLD_COLLATION_CONNECTION */;
